[2026-05-23 13:14:15Z INFO HostContext] No proxy settings were found based on environmental variables (http_proxy/https_proxy/HTTP_PROXY/HTTPS_PROXY)
[2026-05-23 13:14:15Z INFO HostContext] Well known directory 'Bin': 'D:\my-project\actions-runner\bin'
[2026-05-23 13:14:15Z INFO HostContext] Well known directory 'Root': 'D:\my-project\actions-runner'
[2026-05-23 13:14:15Z INFO HostContext] Well known config file 'Credentials': 'D:\my-project\actions-runner\.credentials'
[2026-05-23 13:14:15Z INFO HostContext] Well known directory 'Bin': 'D:\my-project\actions-runner\bin'
[2026-05-23 13:14:15Z INFO HostContext] Well known directory 'Root': 'D:\my-project\actions-runner'
[2026-05-23 13:14:15Z INFO HostContext] Well known config file 'Runner': 'D:\my-project\actions-runner\.runner'
[2026-05-23 13:14:15Z INFO Worker] Version: 2.334.0
[2026-05-23 13:14:15Z INFO Worker] Commit: f1995ede5d885c997d13d8eca5467c4ce97fe69c
[2026-05-23 13:14:15Z INFO Worker] Culture: en-US
[2026-05-23 13:14:15Z INFO Worker] UI Culture: en-US
[2026-05-23 13:14:16Z INFO Worker] Waiting to receive the job message from the channel.
[2026-05-23 13:14:16Z INFO ProcessChannel] Receiving message of length 20903, with hash '2de0257ff8de14f2a9e9d27e431494bc7295cdbbca48a4f989871ddc60a22306'
[2026-05-23 13:14:16Z INFO Worker] Message received.
[2026-05-23 13:14:16Z INFO Worker] Job message:
 {
  "fileTable": [
    ".github/workflows/first.yaml"
  ],
  "mask": [
    {
      "type": "regex",
      "value": "***"
    },
    {
      "type": "regex",
      "value": "***"
    },
    {
      "type": "regex",
      "value": "***"
    },
    {
      "type": "regex",
      "value": "***"
    },
    {
      "type": "regex",
      "value": "***"
    },
    {
      "type": "regex",
      "value": "***"
    },
    {
      "type": "regex",
      "value": "***"
    },
    {
      "type": "regex",
      "value": "***"
    },
    {
      "type": "regex",
      "value": "***"
    },
    {
      "type": "regex",
      "value": "***"
    },
    {
      "type": "regex",
      "value": "***"
    },
    {
      "type": "regex",
      "value": "***"
    },
    {
      "type": "regex",
      "value": "***"
    },
    {
      "type": "regex",
      "value": "***"
    },
    {
      "type": "regex",
      "value": "***"
    },
    {
      "type": "regex",
      "value": "***"
    },
    {
      "type": "regex",
      "value": "***"
    },
    {
      "type": "regex",
      "value": "***"
    }
  ],
  "steps": [
    {
      "type": "action",
      "reference": {
        "type": "repository",
        "name": "actions/checkout",
        "ref": "v4",
        "repositoryType": "GitHub"
      },
      "displayNameToken": {
        "type": 0,
        "file": 1,
        "line": 260,
        "col": 15,
        "lit": "Checkout Repository"
      },
      "contextName": "__actions_checkout",
      "condition": "success()",
      "id": "c1a16801-661d-487a-abdd-adaa0f48ee21",
      "name": "__actions_checkout"
    },
    {
      "type": "action",
      "reference": {
        "type": "script"
      },
      "displayNameToken": {
        "type": 0,
        "file": 1,
        "line": 262,
        "col": 15,
        "lit": "Print Message"
      },
      "contextName": "__run",
      "inputs": {
        "type": 2,
        "map": [
          {
            "key": "script",
            "value": {
              "type": 0,
              "file": 1,
              "line": 263,
              "col": 14,
              "lit": "echo \"This workflow is running on a self-hosted runner!\""
            }
          }
        ]
      },
      "condition": "success()",
      "id": "a1e74cc6-b898-4f5a-bf25-55708ee45e45",
      "name": "__run"
    }
  ],
  "variables": {
    "Actions.EnableHttpRedirects": {
      "value": "true"
    },
    "DistributedTask.AddWarningToNode12Action": {
      "value": "true"
    },
    "DistributedTask.AddWarningToNode16Action": {
      "value": "true"
    },
    "DistributedTask.AllowRunnerContainerHooks": {
      "value": "true"
    },
    "DistributedTask.DeprecateStepOutputCommands": {
      "value": "true"
    },
    "DistributedTask.DetailUntarFailure": {
      "value": "true"
    },
    "DistributedTask.EnableCompositeActions": {
      "value": "true"
    },
    "DistributedTask.EnableJobServerQueueTelemetry": {
      "value": "true"
    },
    "DistributedTask.EnhancedAnnotations": {
      "value": "true"
    },
    "DistributedTask.ForceGithubJavascriptActionsToNode16": {
      "value": "true"
    },
    "DistributedTask.ForceGithubJavascriptActionsToNode20": {
      "value": "true"
    },
    "DistributedTask.LogTemplateErrorsAsDebugMessages": {
      "value": "true"
    },
    "DistributedTask.MarkJobAsFailedOnWorkerCrash": {
      "value": "true"
    },
    "DistributedTask.NewActionMetadata": {
      "value": "true"
    },
    "DistributedTask.UploadStepSummary": {
      "value": "true"
    },
    "DistributedTask.UseActionArchiveCache": {
      "value": "true"
    },
    "DistributedTask.UseWhich2": {
      "value": "true"
    },
    "RunService.FixEmbeddedIssues": {
      "value": "true"
    },
    "actions.runner.requirenode24": {
      "value": "false"
    },
    "actions.runner.usenode24bydefault": {
      "value": "false"
    },
    "actions.runner.warnonnode20": {
      "value": "true"
    },
    "actions_add_check_run_id_to_job_context": {
      "value": "true"
    },
    "actions_batch_action_resolution": {
      "value": "false"
    },
    "actions_container_action_runner_temp": {
      "value": "true"
    },
    "actions_display_helpful_actions_download_errors": {
      "value": "true"
    },
    "actions_runner_compare_workflow_parser": {
      "value": "false"
    },
    "actions_runner_deprecate_linux_arm32": {
      "value": "false"
    },
    "actions_runner_emit_composite_markers": {
      "value": "false"
    },
    "actions_runner_kill_linux_arm32": {
      "value": "false"
    },
    "actions_runner_node20_removal_date": {
      "value": ""
    },
    "actions_runner_node24_default_date": {
      "value": ""
    },
    "actions_service_container_command": {
      "value": "true"
    },
    "actions_set_orchestration_id_env_for_actions": {
      "value": "true"
    },
    "actions_skip_retry_complete_job_upon_known_errors": {
      "value": "true"
    },
    "actions_snapshot_preflight_hosted_runner_check": {
      "value": "false"
    },
    "actions_snapshot_preflight_image_gen_pool_check": {
      "value": "false"
    },
    "actions_use_bearer_token_for_codeload": {
      "value": "false"
    },
    "actions_uses_cache_service_v2": {
      "value": "true"
    },
    "github_token": {
      "value": "***",
      "isSecret": true
    },
    "system.from_run_service": {
      "value": "true"
    },
    "system.github.job": {
      "value": "demo"
    },
    "system.github.launch_endpoint": {
      "value": "https://launch.actions.githubusercontent.com"
    },
    "system.github.results_endpoint": {
      "value": "https://results-receiver.actions.githubusercontent.com/"
    },
    "system.github.results_upload_with_sdk": {
      "value": "true"
    },
    "system.github.token": {
      "value": "***",
      "isSecret": true
    },
    "system.github.token.permissions": {
      "value": "{\"Contents\":\"read\",\"Metadata\":\"read\",\"Packages\":\"read\"}"
    },
    "system.orchestrationId": {
      "value": "97b5f8dd-6f97-4144-9fbf-cc74f8e8f071.demo.__default"
    },
    "system.phaseDisplayName": {
      "value": "demo"
    },
    "system.runner.lowdiskspacethreshold": {
      "value": "100"
    },
    "system.runnerEnvironment": {
      "value": "self-hosted"
    },
    "system.runnerGroupName": {
      "value": "Default"
    }
  },
  "messageType": "RunnerJobRequest",
  "plan": {
    "scopeIdentifier": "00000000-0000-0000-0000-000000000000",
    "planType": "actions",
    "version": 0,
    "planId": "97b5f8dd-6f97-4144-9fbf-cc74f8e8f071",
    "planGroup": null,
    "artifactUri": null,
    "artifactLocation": null,
    "definition": null,
    "owner": null
  },
  "timeline": {
    "id": "97b5f8dd-6f97-4144-9fbf-cc74f8e8f071",
    "changeId": 0,
    "location": null
  },
  "jobId": "40a68ec5-9176-5e17-b362-029cf61ed586",
  "jobDisplayName": "demo",
  "jobName": "__default",
  "requestId": 0,
  "lockedUntil": "0001-01-01T00:00:00",
  "resources": {
    "endpoints": [
      {
        "data": {
          "ServerId": "",
          "ServerName": "",
          "CacheServerUrl": "https://artifactcache.actions.githubusercontent.com/hyJs8BSNM8AbrIEXgpu6Ny69aDumSJ3AYaXFAFuXIV4R3MUCym/",
          "FeedStreamUrl": "wss://results-receiver.actions.githubusercontent.com/_ws/ingest.sock",
          "ResultsServiceUrl": "https://results-receiver.actions.githubusercontent.com/",
          "PipelinesServiceUrl": "https://pipelinesghubeus9.actions.githubusercontent.com/hyJs8BSNM8AbrIEXgpu6Ny69aDumSJ3AYaXFAFuXIV4R3MUCym/",
          "GenerateIdTokenUrl": "",
          "ConnectivityChecks": "[\"https://broker.actions.githubusercontent.com/health\",\"https://token.actions.githubusercontent.com/ready\",\"https://run.actions.githubusercontent.com/health\"]"
        },
        "name": "SystemVssConnection",
        "url": "https://run-actions-2-azure-eastus.actions.githubusercontent.com/135/",
        "authorization": {
          "parameters": {
            "AccessToken": "***"
          },
          "scheme": "OAuth"
        },
        "isShared": false,
        "isReady": true
      }
    ]
  },
  "contextData": {
    "github": {
      "t": 2,
      "d": [
        {
          "k": "ref",
          "v": "refs/heads/master"
        },
        {
          "k": "sha",
          "v": "3b237e642489d07009137093d3461c23621ed52e"
        },
        {
          "k": "repository",
          "v": "sarthak-agnihotri/my-project"
        },
        {
          "k": "repository_owner",
          "v": "sarthak-agnihotri"
        },
        {
          "k": "repository_owner_id",
          "v": "149502807"
        },
        {
          "k": "repositoryUrl",
          "v": "git://github.com/sarthak-agnihotri/my-project.git"
        },
        {
          "k": "run_id",
          "v": "26333660682"
        },
        {
          "k": "run_number",
          "v": "22"
        },
        {
          "k": "retention_days",
          "v": "90"
        },
        {
          "k": "run_attempt",
          "v": "1"
        },
        {
          "k": "artifact_cache_size_limit",
          "v": "10"
        },
        {
          "k": "repository_visibility",
          "v": "public"
        },
        {
          "k": "actor_id",
          "v": "149502807"
        },
        {
          "k": "actor",
          "v": "sarthak-agnihotri"
        },
        {
          "k": "workflow",
          "v": "Self Hosted Demo"
        },
        {
          "k": "head_ref",
          "v": ""
        },
        {
          "k": "base_ref",
          "v": ""
        },
        {
          "k": "event_name",
          "v": "push"
        },
        {
          "k": "server_url",
          "v": "https://github.com"
        },
        {
          "k": "api_url",
          "v": "https://api.github.com"
        },
        {
          "k": "graphql_url",
          "v": "https://api.github.com/graphql"
        },
        {
          "k": "ref_name",
          "v": "master"
        },
        {
          "k": "ref_protected",
          "v": false
        },
        {
          "k": "ref_type",
          "v": "branch"
        },
        {
          "k": "secret_source",
          "v": "Actions"
        },
        {
          "k": "event",
          "v": {
            "t": 2,
            "d": [
              {
                "k": "after",
                "v": "3b237e642489d07009137093d3461c23621ed52e"
              },
              {
                "k": "base_ref",
                "v": null
              },
              {
                "k": "before",
                "v": "02a106b0129cc3a0bb1dd39161638285c676396d"
              },
              {
                "k": "commits",
                "v": {
                  "t": 1,
                  "a": [
                    {
                      "t": 2,
                      "d": [
                        {
                          "k": "author",
                          "v": {
                            "t": 2,
                            "d": [
                              {
                                "k": "email",
                                "v": "sarthak0144@gmail.com"
                              },
                              {
                                "k": "name",
                                "v": "sarthak-agnihotri"
                              },
                              {
                                "k": "username",
                                "v": "sarthak-agnihotri"
                              }
                            ]
                          }
                        },
                        {
                          "k": "committer",
                          "v": {
                            "t": 2,
                            "d": [
                              {
                                "k": "email",
                                "v": "sarthak0144@gmail.com"
                              },
                              {
                                "k": "name",
                                "v": "sarthak-agnihotri"
                              },
                              {
                                "k": "username",
                                "v": "sarthak-agnihotri"
                              }
                            ]
                          }
                        },
                        {
                          "k": "distinct",
                          "v": true
                        },
                        {
                          "k": "id",
                          "v": "3b237e642489d07009137093d3461c23621ed52e"
                        },
                        {
                          "k": "message",
                          "v": "Testing self hosted runner"
                        },
                        {
                          "k": "timestamp",
                          "v": "2026-05-23T18:41:52+05:30"
                        },
                        {
                          "k": "tree_id",
                          "v": "f32c7496701e574675b1493bcbc4e10bad69a524"
                        },
                        {
                          "k": "url",
                          "v": "https://github.com/sarthak-agnihotri/my-project/commit/3b237e642489d07009137093d3461c23621ed52e"
                        }
                      ]
                    }
                  ]
                }
              },
              {
                "k": "compare",
                "v": "https://github.com/sarthak-agnihotri/my-project/compare/02a106b0129c...3b237e642489"
              },
              {
                "k": "created",
                "v": false
              },
              {
                "k": "deleted",
                "v": false
              },
              {
                "k": "forced",
                "v": false
              },
              {
                "k": "head_commit",
                "v": {
                  "t": 2,
                  "d": [
                    {
                      "k": "author",
                      "v": {
                        "t": 2,
                        "d": [
                          {
                            "k": "email",
                            "v": "sarthak0144@gmail.com"
                          },
                          {
                            "k": "name",
                            "v": "sarthak-agnihotri"
                          },
                          {
                            "k": "username",
                            "v": "sarthak-agnihotri"
                          }
                        ]
                      }
                    },
                    {
                      "k": "committer",
                      "v": {
                        "t": 2,
                        "d": [
                          {
                            "k": "email",
                            "v": "sarthak0144@gmail.com"
                          },
                          {
                            "k": "name",
                            "v": "sarthak-agnihotri"
                          },
                          {
                            "k": "username",
                            "v": "sarthak-agnihotri"
                          }
                        ]
                      }
                    },
                    {
                      "k": "distinct",
                      "v": true
                    },
                    {
                      "k": "id",
                      "v": "3b237e642489d07009137093d3461c23621ed52e"
                    },
                    {
                      "k": "message",
                      "v": "Testing self hosted runner"
                    },
                    {
                      "k": "timestamp",
                      "v": "2026-05-23T18:41:52+05:30"
                    },
                    {
                      "k": "tree_id",
                      "v": "f32c7496701e574675b1493bcbc4e10bad69a524"
                    },
                    {
                      "k": "url",
                      "v": "https://github.com/sarthak-agnihotri/my-project/commit/3b237e642489d07009137093d3461c23621ed52e"
                    }
                  ]
                }
              },
              {
                "k": "pusher",
                "v": {
                  "t": 2,
                  "d": [
                    {
                      "k": "email",
                      "v": "149502807+sarthak-agnihotri@users.noreply.github.com"
                    },
                    {
                      "k": "name",
                      "v": "sarthak-agnihotri"
                    }
                  ]
                }
              },
              {
                "k": "ref",
                "v": "refs/heads/master"
              },
              {
                "k": "repository",
                "v": {
                  "t": 2,
                  "d": [
                    {
                      "k": "allow_forking",
                      "v": true
                    },
                    {
                      "k": "archive_url",
                      "v": "https://api.github.com/repos/sarthak-agnihotri/my-project/{archive_format}{/ref}"
                    },
                    {
                      "k": "archived",
                      "v": false
                    },
                    {
                      "k": "assignees_url",
                      "v": "https://api.github.com/repos/sarthak-agnihotri/my-project/assignees{/user}"
                    },
                    {
                      "k": "blobs_url",
                      "v": "https://api.github.com/repos/sarthak-agnihotri/my-project/git/blobs{/sha}"
                    },
                    {
                      "k": "branches_url",
                      "v": "https://api.github.com/repos/sarthak-agnihotri/my-project/branches{/branch}"
                    },
                    {
                      "k": "clone_url",
                      "v": "https://github.com/sarthak-agnihotri/my-project.git"
                    },
                    {
                      "k": "collaborators_url",
                      "v": "https://api.github.com/repos/sarthak-agnihotri/my-project/collaborators{/collaborator}"
                    },
                    {
                      "k": "comments_url",
                      "v": "https://api.github.com/repos/sarthak-agnihotri/my-project/comments{/number}"
                    },
                    {
                      "k": "commits_url",
                      "v": "https://api.github.com/repos/sarthak-agnihotri/my-project/commits{/sha}"
                    },
                    {
                      "k": "compare_url",
                      "v": "https://api.github.com/repos/sarthak-agnihotri/my-project/compare/{base}...{head}"
                    },
                    {
                      "k": "contents_url",
                      "v": "https://api.github.com/repos/sarthak-agnihotri/my-project/contents/{+path}"
                    },
                    {
                      "k": "contributors_url",
                      "v": "https://api.github.com/repos/sarthak-agnihotri/my-project/contributors"
                    },
                    {
                      "k": "created_at",
                      "v": 1779458345.0
                    },
                    {
                      "k": "default_branch",
                      "v": "master"
                    },
                    {
                      "k": "deployments_url",
                      "v": "https://api.github.com/repos/sarthak-agnihotri/my-project/deployments"
                    },
                    {
                      "k": "description",
                      "v": null
                    },
                    {
                      "k": "disabled",
                      "v": false
                    },
                    {
                      "k": "downloads_url",
                      "v": "https://api.github.com/repos/sarthak-agnihotri/my-project/downloads"
                    },
                    {
                      "k": "events_url",
                      "v": "https://api.github.com/repos/sarthak-agnihotri/my-project/events"
                    },
                    {
                      "k": "fork",
                      "v": false
                    },
                    {
                      "k": "forks",
                      "v": 0.0
                    },
                    {
                      "k": "forks_count",
                      "v": 0.0
                    },
                    {
                      "k": "forks_url",
                      "v": "https://api.github.com/repos/sarthak-agnihotri/my-project/forks"
                    },
                    {
                      "k": "full_name",
                      "v": "sarthak-agnihotri/my-project"
                    },
                    {
                      "k": "git_commits_url",
                      "v": "https://api.github.com/repos/sarthak-agnihotri/my-project/git/commits{/sha}"
                    },
                    {
                      "k": "git_refs_url",
                      "v": "https://api.github.com/repos/sarthak-agnihotri/my-project/git/refs{/sha}"
                    },
                    {
                      "k": "git_tags_url",
                      "v": "https://api.github.com/repos/sarthak-agnihotri/my-project/git/tags{/sha}"
                    },
                    {
                      "k": "git_url",
                      "v": "git://github.com/sarthak-agnihotri/my-project.git"
                    },
                    {
                      "k": "has_discussions",
                      "v": false
                    },
                    {
                      "k": "has_downloads",
                      "v": true
                    },
                    {
                      "k": "has_issues",
                      "v": true
                    },
                    {
                      "k": "has_pages",
                      "v": false
                    },
                    {
                      "k": "has_projects",
                      "v": true
                    },
                    {
                      "k": "has_pull_requests",
                      "v": true
                    },
                    {
                      "k": "has_wiki",
                      "v": true
                    },
                    {
                      "k": "homepage",
                      "v": null
                    },
                    {
                      "k": "hooks_url",
                      "v": "https://api.github.com/repos/sarthak-agnihotri/my-project/hooks"
                    },
                    {
                      "k": "html_url",
                      "v": "https://github.com/sarthak-agnihotri/my-project"
                    },
                    {
                      "k": "id",
                      "v": 1246739942.0
                    },
                    {
                      "k": "is_template",
                      "v": false
                    },
                    {
                      "k": "issue_comment_url",
                      "v": "https://api.github.com/repos/sarthak-agnihotri/my-project/issues/comments{/number}"
                    },
                    {
                      "k": "issue_events_url",
                      "v": "https://api.github.com/repos/sarthak-agnihotri/my-project/issues/events{/number}"
                    },
                    {
                      "k": "issues_url",
                      "v": "https://api.github.com/repos/sarthak-agnihotri/my-project/issues{/number}"
                    },
                    {
                      "k": "keys_url",
                      "v": "https://api.github.com/repos/sarthak-agnihotri/my-project/keys{/key_id}"
                    },
                    {
                      "k": "labels_url",
                      "v": "https://api.github.com/repos/sarthak-agnihotri/my-project/labels{/name}"
                    },
                    {
                      "k": "language",
                      "v": "Python"
                    },
                    {
                      "k": "languages_url",
                      "v": "https://api.github.com/repos/sarthak-agnihotri/my-project/languages"
                    },
                    {
                      "k": "license",
                      "v": null
                    },
                    {
                      "k": "master_branch",
                      "v": "master"
                    },
                    {
                      "k": "merges_url",
                      "v": "https://api.github.com/repos/sarthak-agnihotri/my-project/merges"
                    },
                    {
                      "k": "milestones_url",
                      "v": "https://api.github.com/repos/sarthak-agnihotri/my-project/milestones{/number}"
                    },
                    {
                      "k": "mirror_url",
                      "v": null
                    },
                    {
                      "k": "name",
                      "v": "my-project"
                    },
                    {
                      "k": "node_id",
                      "v": "R_kgDOSk-95g"
                    },
                    {
                      "k": "notifications_url",
                      "v": "https://api.github.com/repos/sarthak-agnihotri/my-project/notifications{?since,all,participating}"
                    },
                    {
                      "k": "open_issues",
                      "v": 0.0
                    },
                    {
                      "k": "open_issues_count",
                      "v": 0.0
                    },
                    {
                      "k": "owner",
                      "v": {
                        "t": 2,
                        "d": [
                          {
                            "k": "avatar_url",
                            "v": "https://avatars.githubusercontent.com/u/149502807?v=4"
                          },
                          {
                            "k": "email",
                            "v": "149502807+sarthak-agnihotri@users.noreply.github.com"
                          },
                          {
                            "k": "events_url",
                            "v": "https://api.github.com/users/sarthak-agnihotri/events{/privacy}"
                          },
                          {
                            "k": "followers_url",
                            "v": "https://api.github.com/users/sarthak-agnihotri/followers"
                          },
                          {
                            "k": "following_url",
                            "v": "https://api.github.com/users/sarthak-agnihotri/following{/other_user}"
                          },
                          {
                            "k": "gists_url",
                            "v": "https://api.github.com/users/sarthak-agnihotri/gists{/gist_id}"
                          },
                          {
                            "k": "gravatar_id",
                            "v": ""
                          },
                          {
                            "k": "html_url",
                            "v": "https://github.com/sarthak-agnihotri"
                          },
                          {
                            "k": "id",
                            "v": 149502807.0
                          },
                          {
                            "k": "login",
                            "v": "sarthak-agnihotri"
                          },
                          {
                            "k": "name",
                            "v": "sarthak-agnihotri"
                          },
                          {
                            "k": "node_id",
                            "v": "U_kgDOCOk7Vw"
                          },
                          {
                            "k": "organizations_url",
                            "v": "https://api.github.com/users/sarthak-agnihotri/orgs"
                          },
                          {
                            "k": "received_events_url",
                            "v": "https://api.github.com/users/sarthak-agnihotri/received_events"
                          },
                          {
                            "k": "repos_url",
                            "v": "https://api.github.com/users/sarthak-agnihotri/repos"
                          },
                          {
                            "k": "site_admin",
                            "v": false
                          },
                          {
                            "k": "starred_url",
                            "v": "https://api.github.com/users/sarthak-agnihotri/starred{/owner}{/repo}"
                          },
                          {
                            "k": "subscriptions_url",
                            "v": "https://api.github.com/users/sarthak-agnihotri/subscriptions"
                          },
                          {
                            "k": "type",
                            "v": "User"
                          },
                          {
                            "k": "url",
                            "v": "https://api.github.com/users/sarthak-agnihotri"
                          },
                          {
                            "k": "user_view_type",
                            "v": "public"
                          }
                        ]
                      }
                    },
                    {
                      "k": "private",
                      "v": false
                    },
                    {
                      "k": "pull_request_creation_policy",
                      "v": "all"
                    },
                    {
                      "k": "pulls_url",
                      "v": "https://api.github.com/repos/sarthak-agnihotri/my-project/pulls{/number}"
                    },
                    {
                      "k": "pushed_at",
                      "v": 1779542044.0
                    },
                    {
                      "k": "releases_url",
                      "v": "https://api.github.com/repos/sarthak-agnihotri/my-project/releases{/id}"
                    },
                    {
                      "k": "size",
                      "v": 15.0
                    },
                    {
                      "k": "ssh_url",
                      "v": "git@github.com:sarthak-agnihotri/my-project.git"
                    },
                    {
                      "k": "stargazers",
                      "v": 0.0
                    },
                    {
                      "k": "stargazers_count",
                      "v": 0.0
                    },
                    {
                      "k": "stargazers_url",
                      "v": "https://api.github.com/repos/sarthak-agnihotri/my-project/stargazers"
                    },
                    {
                      "k": "statuses_url",
                      "v": "https://api.github.com/repos/sarthak-agnihotri/my-project/statuses/{sha}"
                    },
                    {
                      "k": "subscribers_url",
                      "v": "https://api.github.com/repos/sarthak-agnihotri/my-project/subscribers"
                    },
                    {
                      "k": "subscription_url",
                      "v": "https://api.github.com/repos/sarthak-agnihotri/my-project/subscription"
                    },
                    {
                      "k": "svn_url",
                      "v": "https://github.com/sarthak-agnihotri/my-project"
                    },
                    {
                      "k": "tags_url",
                      "v": "https://api.github.com/repos/sarthak-agnihotri/my-project/tags"
                    },
                    {
                      "k": "teams_url",
                      "v": "https://api.github.com/repos/sarthak-agnihotri/my-project/teams"
                    },
                    {
                      "k": "topics",
                      "v": {
                        "t": 1
                      }
                    },
                    {
                      "k": "trees_url",
                      "v": "https://api.github.com/repos/sarthak-agnihotri/my-project/git/trees{/sha}"
                    },
                    {
                      "k": "updated_at",
                      "v": "2026-05-23T06:22:08Z"
                    },
                    {
                      "k": "url",
                      "v": "https://api.github.com/repos/sarthak-agnihotri/my-project"
                    },
                    {
                      "k": "visibility",
                      "v": "public"
                    },
                    {
                      "k": "watchers",
                      "v": 0.0
                    },
                    {
                      "k": "watchers_count",
                      "v": 0.0
                    },
                    {
                      "k": "web_commit_signoff_required",
                      "v": false
                    }
                  ]
                }
              },
              {
                "k": "sender",
                "v": {
                  "t": 2,
                  "d": [
                    {
                      "k": "avatar_url",
                      "v": "https://avatars.githubusercontent.com/u/149502807?v=4"
                    },
                    {
                      "k": "events_url",
                      "v": "https://api.github.com/users/sarthak-agnihotri/events{/privacy}"
                    },
                    {
                      "k": "followers_url",
                      "v": "https://api.github.com/users/sarthak-agnihotri/followers"
                    },
                    {
                      "k": "following_url",
                      "v": "https://api.github.com/users/sarthak-agnihotri/following{/other_user}"
                    },
                    {
                      "k": "gists_url",
                      "v": "https://api.github.com/users/sarthak-agnihotri/gists{/gist_id}"
                    },
                    {
                      "k": "gravatar_id",
                      "v": ""
                    },
                    {
                      "k": "html_url",
                      "v": "https://github.com/sarthak-agnihotri"
                    },
                    {
                      "k": "id",
                      "v": 149502807.0
                    },
                    {
                      "k": "login",
                      "v": "sarthak-agnihotri"
                    },
                    {
                      "k": "node_id",
                      "v": "U_kgDOCOk7Vw"
                    },
                    {
                      "k": "organizations_url",
                      "v": "https://api.github.com/users/sarthak-agnihotri/orgs"
                    },
                    {
                      "k": "received_events_url",
                      "v": "https://api.github.com/users/sarthak-agnihotri/received_events"
                    },
                    {
                      "k": "repos_url",
                      "v": "https://api.github.com/users/sarthak-agnihotri/repos"
                    },
                    {
                      "k": "site_admin",
                      "v": false
                    },
                    {
                      "k": "starred_url",
                      "v": "https://api.github.com/users/sarthak-agnihotri/starred{/owner}{/repo}"
                    },
                    {
                      "k": "subscriptions_url",
                      "v": "https://api.github.com/users/sarthak-agnihotri/subscriptions"
                    },
                    {
                      "k": "type",
                      "v": "User"
                    },
                    {
                      "k": "url",
                      "v": "https://api.github.com/users/sarthak-agnihotri"
                    },
                    {
                      "k": "user_view_type",
                      "v": "public"
                    }
                  ]
                }
              }
            ]
          }
        },
        {
          "k": "workflow_ref",
          "v": "sarthak-agnihotri/my-project/.github/workflows/first.yaml@refs/heads/master"
        },
        {
          "k": "workflow_sha",
          "v": "3b237e642489d07009137093d3461c23621ed52e"
        },
        {
          "k": "repository_id",
          "v": "1246739942"
        },
        {
          "k": "triggering_actor",
          "v": "sarthak-agnihotri"
        }
      ]
    },
    "inputs": {
      "t": 2
    },
    "job": {
      "t": 2,
      "d": [
        {
          "k": "check_run_id",
          "v": 77523734712.0
        },
        {
          "k": "workflow_ref",
          "v": "sarthak-agnihotri/my-project/.github/workflows/first.yaml@refs/heads/master"
        },
        {
          "k": "workflow_sha",
          "v": "3b237e642489d07009137093d3461c23621ed52e"
        },
        {
          "k": "workflow_repository",
          "v": "sarthak-agnihotri/my-project"
        },
        {
          "k": "workflow_file_path",
          "v": ".github/workflows/first.yaml"
        }
      ]
    },
    "matrix": null,
    "needs": {
      "t": 2
    },
    "strategy": {
      "t": 2,
      "d": [
        {
          "k": "fail-fast",
          "v": true
        },
        {
          "k": "job-index",
          "v": 0.0
        },
        {
          "k": "job-total",
          "v": 1.0
        },
        {
          "k": "max-parallel",
          "v": 1.0
        }
      ]
    },
    "vars": {
      "t": 2
    }
  },
  "billingOwnerId": "U_kgDOCOk7Vw"
}
[2026-05-23 13:14:16Z INFO JobRunner] Job ID 40a68ec5-9176-5e17-b362-029cf61ed586
[2026-05-23 13:14:16Z INFO ConfigurationStore] currentAssemblyLocation: D:\my-project\actions-runner\bin\Runner.Worker.dll
[2026-05-23 13:14:16Z INFO HostContext] Well known directory 'Bin': 'D:\my-project\actions-runner\bin'
[2026-05-23 13:14:16Z INFO ConfigurationStore] binPath: D:\my-project\actions-runner\bin
[2026-05-23 13:14:16Z INFO HostContext] Well known directory 'Bin': 'D:\my-project\actions-runner\bin'
[2026-05-23 13:14:16Z INFO HostContext] Well known directory 'Root': 'D:\my-project\actions-runner'
[2026-05-23 13:14:16Z INFO ConfigurationStore] RootFolder: D:\my-project\actions-runner
[2026-05-23 13:14:16Z INFO HostContext] Well known directory 'Bin': 'D:\my-project\actions-runner\bin'
[2026-05-23 13:14:16Z INFO HostContext] Well known directory 'Root': 'D:\my-project\actions-runner'
[2026-05-23 13:14:16Z INFO HostContext] Well known config file 'Runner': 'D:\my-project\actions-runner\.runner'
[2026-05-23 13:14:16Z INFO ConfigurationStore] ConfigFilePath: D:\my-project\actions-runner\.runner
[2026-05-23 13:14:16Z INFO HostContext] Well known directory 'Bin': 'D:\my-project\actions-runner\bin'
[2026-05-23 13:14:16Z INFO HostContext] Well known directory 'Root': 'D:\my-project\actions-runner'
[2026-05-23 13:14:16Z INFO HostContext] Well known config file 'MigratedRunner': 'D:\my-project\actions-runner\.runner_migrated'
[2026-05-23 13:14:16Z INFO ConfigurationStore] MigratedConfigFilePath: D:\my-project\actions-runner\.runner_migrated
[2026-05-23 13:14:16Z INFO HostContext] Well known directory 'Bin': 'D:\my-project\actions-runner\bin'
[2026-05-23 13:14:16Z INFO HostContext] Well known directory 'Root': 'D:\my-project\actions-runner'
[2026-05-23 13:14:16Z INFO HostContext] Well known config file 'Credentials': 'D:\my-project\actions-runner\.credentials'
[2026-05-23 13:14:16Z INFO ConfigurationStore] CredFilePath: D:\my-project\actions-runner\.credentials
[2026-05-23 13:14:16Z INFO HostContext] Well known directory 'Bin': 'D:\my-project\actions-runner\bin'
[2026-05-23 13:14:16Z INFO HostContext] Well known directory 'Root': 'D:\my-project\actions-runner'
[2026-05-23 13:14:16Z INFO HostContext] Well known config file 'MigratedCredentials': 'D:\my-project\actions-runner\.credentials_migrated'
[2026-05-23 13:14:16Z INFO ConfigurationStore] MigratedCredFilePath: D:\my-project\actions-runner\.credentials_migrated
[2026-05-23 13:14:16Z INFO HostContext] Well known directory 'Bin': 'D:\my-project\actions-runner\bin'
[2026-05-23 13:14:16Z INFO HostContext] Well known directory 'Root': 'D:\my-project\actions-runner'
[2026-05-23 13:14:16Z INFO HostContext] Well known config file 'Service': 'D:\my-project\actions-runner\.service'
[2026-05-23 13:14:16Z INFO ConfigurationStore] ServiceConfigFilePath: D:\my-project\actions-runner\.service
[2026-05-23 13:14:16Z INFO ConfigurationStore] Read setting file: 406 chars
[2026-05-23 13:14:16Z INFO JobRunner] Initializing launch client
[2026-05-23 13:14:16Z INFO JobServerQueue] Initializing results client
[2026-05-23 13:14:16Z INFO ResultServer] Creating websocket client ...wss://results-receiver.actions.githubusercontent.com/_ws/ingest.sock
[2026-05-23 13:14:16Z INFO ResultServer] Attempting to start websocket client with delay 00:00:00.
[2026-05-23 13:14:16Z INFO JobServerQueue] Start process web console line queue.
[2026-05-23 13:14:16Z INFO JobServerQueue] Start process file upload queue.
[2026-05-23 13:14:16Z INFO JobServerQueue] Start results file upload queue.
[2026-05-23 13:14:16Z INFO JobServerQueue] Starting results-based upload queue...
[2026-05-23 13:14:16Z INFO JobServerQueue] Start process timeline update queue.
[2026-05-23 13:14:16Z INFO ExecutionContext] Initializing Job context
[2026-05-23 13:14:16Z INFO ExecutionContext] Initialize GitHub context
[2026-05-23 13:14:16Z INFO ExecutionContext] Initialize Env context
[2026-05-23 13:14:16Z INFO HostContext] Well known directory 'Bin': 'D:\my-project\actions-runner\bin'
[2026-05-23 13:14:16Z INFO HostContext] Well known directory 'Root': 'D:\my-project\actions-runner'
[2026-05-23 13:14:16Z INFO HostContext] Well known directory 'Diag': 'D:\my-project\actions-runner\_diag'
[2026-05-23 13:14:16Z INFO HostContext] Well known directory 'Bin': 'D:\my-project\actions-runner\bin'
[2026-05-23 13:14:16Z INFO HostContext] Well known directory 'Root': 'D:\my-project\actions-runner'
[2026-05-23 13:14:16Z INFO HostContext] Well known directory 'Diag': 'D:\my-project\actions-runner\_diag'
[2026-05-23 13:14:16Z INFO JobRunner] Starting the job execution context.
[2026-05-23 13:14:16Z INFO HostContext] Well known directory 'Bin': 'D:\my-project\actions-runner\bin'
[2026-05-23 13:14:16Z INFO HostContext] Well known directory 'Root': 'D:\my-project\actions-runner'
[2026-05-23 13:14:16Z INFO HostContext] Well known directory 'Work': 'D:\my-project\actions-runner\_work'
[2026-05-23 13:14:16Z INFO JobRunner] Validating directory permissions for: 'D:\my-project\actions-runner\_work'
[2026-05-23 13:14:16Z INFO HostContext] Well known directory 'Bin': 'D:\my-project\actions-runner\bin'
[2026-05-23 13:14:16Z INFO HostContext] Well known directory 'Root': 'D:\my-project\actions-runner'
[2026-05-23 13:14:16Z INFO HostContext] Well known directory 'Work': 'D:\my-project\actions-runner\_work'
[2026-05-23 13:14:16Z INFO HostContext] Well known directory 'Tools': 'D:\my-project\actions-runner\_work\_tool'
[2026-05-23 13:14:16Z INFO HostContext] Well known directory 'Bin': 'D:\my-project\actions-runner\bin'
[2026-05-23 13:14:16Z INFO HostContext] Well known directory 'Root': 'D:\my-project\actions-runner'
[2026-05-23 13:14:16Z INFO HostContext] Well known directory 'Work': 'D:\my-project\actions-runner\_work'
[2026-05-23 13:14:16Z INFO HostContext] Well known directory 'Temp': 'D:\my-project\actions-runner\_work\_temp'
[2026-05-23 13:14:16Z INFO JobRunner] Getting job extension.
[2026-05-23 13:14:16Z INFO JobRunner] Initialize job. Getting all job steps.
[2026-05-23 13:14:16Z INFO HostContext] Well known directory 'Bin': 'D:\my-project\actions-runner\bin'
[2026-05-23 13:14:16Z INFO HostContext] Well known directory 'Root': 'D:\my-project\actions-runner'
[2026-05-23 13:14:16Z INFO HostContext] Well known directory 'Diag': 'D:\my-project\actions-runner\_diag'
[2026-05-23 13:14:16Z INFO HostContext] Well known directory 'Bin': 'D:\my-project\actions-runner\bin'
[2026-05-23 13:14:16Z INFO HostContext] Well known directory 'Root': 'D:\my-project\actions-runner'
[2026-05-23 13:14:16Z INFO HostContext] Well known directory 'Diag': 'D:\my-project\actions-runner\_diag'
[2026-05-23 13:14:16Z INFO HostContext] Well known directory 'Bin': 'D:\my-project\actions-runner\bin'
[2026-05-23 13:14:16Z INFO HostContext] Well known directory 'Root': 'D:\my-project\actions-runner'
[2026-05-23 13:14:16Z INFO HostContext] Well known config file 'Credentials': 'D:\my-project\actions-runner\.credentials'
[2026-05-23 13:14:16Z INFO HostContext] Well known directory 'Bin': 'D:\my-project\actions-runner\bin'
[2026-05-23 13:14:16Z INFO HostContext] Well known directory 'Root': 'D:\my-project\actions-runner'
[2026-05-23 13:14:16Z INFO HostContext] Well known config file 'SetupInfo': 'D:\my-project\actions-runner\.setup_info'
[2026-05-23 13:14:16Z INFO HostContext] Well known directory 'Bin': 'D:\my-project\actions-runner\bin'
[2026-05-23 13:14:16Z INFO HostContext] Well known directory 'Root': 'D:\my-project\actions-runner'
[2026-05-23 13:14:16Z INFO HostContext] Well known directory 'Work': 'D:\my-project\actions-runner\_work'
[2026-05-23 13:14:16Z INFO PipelineDirectoryManager] Loading tracking config if exists: D:\my-project\actions-runner\_work\_PipelineMapping\sarthak-agnihotri/my-project\PipelineFolder.json
[2026-05-23 13:14:16Z INFO PipelineDirectoryManager] Creating a new tracking config file.
[2026-05-23 13:14:16Z INFO HostContext] Well known directory 'Bin': 'D:\my-project\actions-runner\bin'
[2026-05-23 13:14:16Z INFO HostContext] Well known directory 'Root': 'D:\my-project\actions-runner'
[2026-05-23 13:14:16Z INFO HostContext] Well known directory 'Work': 'D:\my-project\actions-runner\_work'
[2026-05-23 13:14:16Z INFO PipelineDirectoryManager] Creating pipeline directory.
[2026-05-23 13:14:16Z INFO HostContext] Well known directory 'Bin': 'D:\my-project\actions-runner\bin'
[2026-05-23 13:14:16Z INFO HostContext] Well known directory 'Root': 'D:\my-project\actions-runner'
[2026-05-23 13:14:16Z INFO HostContext] Well known directory 'Work': 'D:\my-project\actions-runner\_work'
[2026-05-23 13:14:16Z INFO PipelineDirectoryManager] Creating workspace directory.
[2026-05-23 13:14:16Z INFO HostContext] Well known directory 'Bin': 'D:\my-project\actions-runner\bin'
[2026-05-23 13:14:16Z INFO HostContext] Well known directory 'Root': 'D:\my-project\actions-runner'
[2026-05-23 13:14:16Z INFO HostContext] Well known directory 'Work': 'D:\my-project\actions-runner\_work'
[2026-05-23 13:14:16Z INFO JobExtension] Downloading actions
[2026-05-23 13:14:16Z INFO HostContext] Well known directory 'Bin': 'D:\my-project\actions-runner\bin'
[2026-05-23 13:14:16Z INFO HostContext] Well known directory 'Root': 'D:\my-project\actions-runner'
[2026-05-23 13:14:16Z INFO HostContext] Well known directory 'Work': 'D:\my-project\actions-runner\_work'
[2026-05-23 13:14:16Z INFO HostContext] Well known directory 'Actions': 'D:\my-project\actions-runner\_work\_actions'
[2026-05-23 13:14:16Z INFO Worker] Listening for cancel message from the channel.
[2026-05-23 13:14:16Z INFO Worker] Waiting for the job to complete or for a cancel message from the channel.
[2026-05-23 13:14:17Z INFO ResultServer] Successfully started websocket client.
[2026-05-23 13:14:17Z INFO JobServerQueue] Try to append 1 batches web console lines for record '7b2a2c2f-ab66-45eb-9788-ea122dca78ce', success rate: 1/1.
[2026-05-23 13:14:17Z INFO JobServerQueue] Job timeline record has been updated for the first time.
[2026-05-23 13:14:17Z INFO HostContext] Well known directory 'Bin': 'D:\my-project\actions-runner\bin'
[2026-05-23 13:14:17Z INFO HostContext] Well known directory 'Root': 'D:\my-project\actions-runner'
[2026-05-23 13:14:17Z INFO HostContext] Well known directory 'Work': 'D:\my-project\actions-runner\_work'
[2026-05-23 13:14:17Z INFO HostContext] Well known directory 'Actions': 'D:\my-project\actions-runner\_work\_actions'
[2026-05-23 13:14:17Z INFO HostContext] Well known directory 'Bin': 'D:\my-project\actions-runner\bin'
[2026-05-23 13:14:17Z INFO HostContext] Well known directory 'Root': 'D:\my-project\actions-runner'
[2026-05-23 13:14:17Z INFO HostContext] Well known directory 'Work': 'D:\my-project\actions-runner\_work'
[2026-05-23 13:14:17Z INFO HostContext] Well known directory 'Actions': 'D:\my-project\actions-runner\_work\_actions'
[2026-05-23 13:14:17Z INFO ActionManager] Save archive 'https://codeload.github.com/actions/checkout/zip/34e114876b0b11c390a56381ad16ebd13914f8d5' into D:\my-project\actions-runner\_work\_actions\_temp_e7526a80-74fb-4442-8382-c07b5ba5b5b7\2fb36da7-3afe-4cb6-bf4e-af93fd399652.zip.
[2026-05-23 13:14:17Z INFO ActionManager] Using Basic token for action archive download.
[2026-05-23 13:14:17Z INFO JobServerQueue] Try to append 1 batches web console lines for record '7b2a2c2f-ab66-45eb-9788-ea122dca78ce', success rate: 1/1.
[2026-05-23 13:14:18Z INFO ActionManager] Request URL: https://codeload.github.com/actions/checkout/zip/34e114876b0b11c390a56381ad16ebd13914f8d5 X-GitHub-Request-Id: C322:235CFA:2EA93:1C6C8C:6A11A827 Http Status: OK
[2026-05-23 13:14:19Z INFO ActionManager] Finished getting action repository.
[2026-05-23 13:14:19Z INFO HostContext] Well known directory 'Bin': 'D:\my-project\actions-runner\bin'
[2026-05-23 13:14:19Z INFO HostContext] Well known directory 'Root': 'D:\my-project\actions-runner'
[2026-05-23 13:14:19Z INFO HostContext] Well known directory 'Work': 'D:\my-project\actions-runner\_work'
[2026-05-23 13:14:19Z INFO HostContext] Well known directory 'Actions': 'D:\my-project\actions-runner\_work\_actions'
[2026-05-23 13:14:19Z INFO ActionManifestManagerLegacy] Load schema file with definitions: [
  "null",
  "boolean",
  "number",
  "string",
  "sequence",
  "mapping",
  "any",
  "action-root",
  "inputs",
  "input",
  "outputs",
  "output-definition",
  "runs",
  "container-runs",
  "container-runs-args",
  "container-runs-env",
  "node-runs",
  "plugin-runs",
  "composite-runs",
  "composite-steps",
  "composite-step",
  "run-step",
  "uses-step",
  "container-runs-context",
  "output-value",
  "input-default-context",
  "non-empty-string",
  "string-steps-context",
  "boolean-steps-context",
  "step-env",
  "step-if",
  "step-with"
]
[2026-05-23 13:14:19Z INFO ActionManifestManager] Load schema file with definitions: [
  "null",
  "boolean",
  "number",
  "string",
  "sequence",
  "mapping",
  "any",
  "action-root",
  "inputs",
  "input",
  "outputs",
  "output-definition",
  "runs",
  "container-runs",
  "container-runs-args",
  "container-runs-env",
  "node-runs",
  "plugin-runs",
  "composite-runs",
  "composite-steps",
  "composite-step",
  "run-step",
  "uses-step",
  "container-runs-context",
  "output-value",
  "input-default-context",
  "non-empty-string",
  "string-steps-context",
  "boolean-steps-context",
  "step-env",
  "step-if",
  "step-with"
]
[2026-05-23 13:14:19Z INFO HostContext] Well known directory 'Bin': 'D:\my-project\actions-runner\bin'
[2026-05-23 13:14:19Z INFO HostContext] Well known directory 'Root': 'D:\my-project\actions-runner'
[2026-05-23 13:14:19Z INFO HostContext] Well known directory 'Work': 'D:\my-project\actions-runner\_work'
[2026-05-23 13:14:19Z INFO HostContext] Well known directory 'Actions': 'D:\my-project\actions-runner\_work\_actions'
[2026-05-23 13:14:19Z INFO ActionManifestManagerLegacy] Loaded action.yml file: {
  "name": "Checkout",
  "description": "Checkout a Git repository at a particular version",
  "inputs": {
    "type": 2,
    "map": [
      {
        "key": {
          "type": 0,
          "file": 2,
          "line": 4,
          "col": 3,
          "lit": "repository"
        },
        "value": {
          "type": 3,
          "file": 2,
          "line": 6,
          "col": 14,
          "expr": "github.repository"
        }
      },
      {
        "key": {
          "type": 0,
          "file": 2,
          "line": 7,
          "col": 3,
          "lit": "ref"
        },
        "value": ""
      },
      {
        "key": {
          "type": 0,
          "file": 2,
          "line": 12,
          "col": 3,
          "lit": "token"
        },
        "value": {
          "type": 3,
          "file": 2,
          "line": 24,
          "col": 14,
          "expr": "github.token"
        }
      },
      {
        "key": {
          "type": 0,
          "file": 2,
          "line": 25,
          "col": 3,
          "lit": "ssh-key"
        },
        "value": ""
      },
      {
        "key": {
          "type": 0,
          "file": 2,
          "line": 37,
          "col": 3,
          "lit": "ssh-known-hosts"
        },
        "value": ""
      },
      {
        "key": {
          "type": 0,
          "file": 2,
          "line": 42,
          "col": 3,
          "lit": "ssh-strict"
        },
        "value": {
          "type": 0,
          "file": 2,
          "line": 47,
          "col": 14,
          "lit": "true"
        }
      },
      {
        "key": {
          "type": 0,
          "file": 2,
          "line": 48,
          "col": 3,
          "lit": "ssh-user"
        },
        "value": {
          "type": 0,
          "file": 2,
          "line": 51,
          "col": 14,
          "lit": "git"
        }
      },
      {
        "key": {
          "type": 0,
          "file": 2,
          "line": 52,
          "col": 3,
          "lit": "persist-credentials"
        },
        "value": {
          "type": 0,
          "file": 2,
          "line": 54,
          "col": 14,
          "lit": "true"
        }
      },
      {
        "key": {
          "type": 0,
          "file": 2,
          "line": 55,
          "col": 3,
          "lit": "path"
        },
        "value": ""
      },
      {
        "key": {
          "type": 0,
          "file": 2,
          "line": 57,
          "col": 3,
          "lit": "clean"
        },
        "value": {
          "type": 0,
          "file": 2,
          "line": 59,
          "col": 14,
          "lit": "true"
        }
      },
      {
        "key": {
          "type": 0,
          "file": 2,
          "line": 60,
          "col": 3,
          "lit": "filter"
        },
        "value": {
          "type": 0,
          "file": 2,
          "line": 64,
          "col": 14,
          "lit": ""
        }
      },
      {
        "key": {
          "type": 0,
          "file": 2,
          "line": 65,
          "col": 3,
          "lit": "sparse-checkout"
        },
        "value": {
          "type": 0,
          "file": 2,
          "line": 69,
          "col": 14,
          "lit": ""
        }
      },
      {
        "key": {
          "type": 0,
          "file": 2,
          "line": 70,
          "col": 3,
          "lit": "sparse-checkout-cone-mode"
        },
        "value": {
          "type": 0,
          "file": 2,
          "line": 73,
          "col": 14,
          "lit": "true"
        }
      },
      {
        "key": {
          "type": 0,
          "file": 2,
          "line": 74,
          "col": 3,
          "lit": "fetch-depth"
        },
        "value": {
          "type": 0,
          "file": 2,
          "line": 76,
          "col": 14,
          "lit": "1"
        }
      },
      {
        "key": {
          "type": 0,
          "file": 2,
          "line": 77,
          "col": 3,
          "lit": "fetch-tags"
        },
        "value": {
          "type": 0,
          "file": 2,
          "line": 79,
          "col": 14,
          "lit": "false"
        }
      },
      {
        "key": {
          "type": 0,
          "file": 2,
          "line": 80,
          "col": 3,
          "lit": "show-progress"
        },
        "value": {
          "type": 0,
          "file": 2,
          "line": 82,
          "col": 14,
          "lit": "true"
        }
      },
      {
        "key": {
          "type": 0,
          "file": 2,
          "line": 83,
          "col": 3,
          "lit": "lfs"
        },
        "value": {
          "type": 0,
          "file": 2,
          "line": 85,
          "col": 14,
          "lit": "false"
        }
      },
      {
        "key": {
          "type": 0,
          "file": 2,
          "line": 86,
          "col": 3,
          "lit": "submodules"
        },
        "value": {
          "type": 0,
          "file": 2,
          "line": 94,
          "col": 14,
          "lit": "false"
        }
      },
      {
        "key": {
          "type": 0,
          "file": 2,
          "line": 95,
          "col": 3,
          "lit": "set-safe-directory"
        },
        "value": {
          "type": 0,
          "file": 2,
          "line": 97,
          "col": 14,
          "lit": "true"
        }
      },
      {
        "key": {
          "type": 0,
          "file": 2,
          "line": 98,
          "col": 3,
          "lit": "github-server-url"
        },
        "value": ""
      }
    ]
  },
  "execution": {
    "executionType": "nodeJS",
    "hasPre": false,
    "hasPost": true,
    "script": "dist/index.js",
    "pre": null,
    "post": "dist/index.js",
    "nodeVersion": "node20",
    "cleanupCondition": "always()",
    "initCondition": "always()"
  },
  "deprecated": null
}
[2026-05-23 13:14:19Z INFO ActionManager] Action node.js file: dist/index.js, no more preparation.
[2026-05-23 13:14:19Z INFO HostContext] Well known directory 'Bin': 'D:\my-project\actions-runner\bin'
[2026-05-23 13:14:19Z INFO HostContext] Well known directory 'Root': 'D:\my-project\actions-runner'
[2026-05-23 13:14:19Z INFO HostContext] Well known directory 'Work': 'D:\my-project\actions-runner\_work'
[2026-05-23 13:14:19Z INFO HostContext] Well known directory 'Actions': 'D:\my-project\actions-runner\_work\_actions'
[2026-05-23 13:14:19Z INFO ActionManager] Load action that reference repository from 'D:\my-project\actions-runner\_work\_actions\actions\checkout\v4'
[2026-05-23 13:14:19Z INFO HostContext] Well known directory 'Bin': 'D:\my-project\actions-runner\bin'
[2026-05-23 13:14:19Z INFO HostContext] Well known directory 'Root': 'D:\my-project\actions-runner'
[2026-05-23 13:14:19Z INFO HostContext] Well known directory 'Work': 'D:\my-project\actions-runner\_work'
[2026-05-23 13:14:19Z INFO HostContext] Well known directory 'Actions': 'D:\my-project\actions-runner\_work\_actions'
[2026-05-23 13:14:19Z INFO ActionManifestManagerLegacy] Loaded action.yml file: {
  "name": "Checkout",
  "description": "Checkout a Git repository at a particular version",
  "inputs": {
    "type": 2,
    "map": [
      {
        "key": {
          "type": 0,
          "file": 2,
          "line": 4,
          "col": 3,
          "lit": "repository"
        },
        "value": {
          "type": 3,
          "file": 2,
          "line": 6,
          "col": 14,
          "expr": "github.repository"
        }
      },
      {
        "key": {
          "type": 0,
          "file": 2,
          "line": 7,
          "col": 3,
          "lit": "ref"
        },
        "value": ""
      },
      {
        "key": {
          "type": 0,
          "file": 2,
          "line": 12,
          "col": 3,
          "lit": "token"
        },
        "value": {
          "type": 3,
          "file": 2,
          "line": 24,
          "col": 14,
          "expr": "github.token"
        }
      },
      {
        "key": {
          "type": 0,
          "file": 2,
          "line": 25,
          "col": 3,
          "lit": "ssh-key"
        },
        "value": ""
      },
      {
        "key": {
          "type": 0,
          "file": 2,
          "line": 37,
          "col": 3,
          "lit": "ssh-known-hosts"
        },
        "value": ""
      },
      {
        "key": {
          "type": 0,
          "file": 2,
          "line": 42,
          "col": 3,
          "lit": "ssh-strict"
        },
        "value": {
          "type": 0,
          "file": 2,
          "line": 47,
          "col": 14,
          "lit": "true"
        }
      },
      {
        "key": {
          "type": 0,
          "file": 2,
          "line": 48,
          "col": 3,
          "lit": "ssh-user"
        },
        "value": {
          "type": 0,
          "file": 2,
          "line": 51,
          "col": 14,
          "lit": "git"
        }
      },
      {
        "key": {
          "type": 0,
          "file": 2,
          "line": 52,
          "col": 3,
          "lit": "persist-credentials"
        },
        "value": {
          "type": 0,
          "file": 2,
          "line": 54,
          "col": 14,
          "lit": "true"
        }
      },
      {
        "key": {
          "type": 0,
          "file": 2,
          "line": 55,
          "col": 3,
          "lit": "path"
        },
        "value": ""
      },
      {
        "key": {
          "type": 0,
          "file": 2,
          "line": 57,
          "col": 3,
          "lit": "clean"
        },
        "value": {
          "type": 0,
          "file": 2,
          "line": 59,
          "col": 14,
          "lit": "true"
        }
      },
      {
        "key": {
          "type": 0,
          "file": 2,
          "line": 60,
          "col": 3,
          "lit": "filter"
        },
        "value": {
          "type": 0,
          "file": 2,
          "line": 64,
          "col": 14,
          "lit": ""
        }
      },
      {
        "key": {
          "type": 0,
          "file": 2,
          "line": 65,
          "col": 3,
          "lit": "sparse-checkout"
        },
        "value": {
          "type": 0,
          "file": 2,
          "line": 69,
          "col": 14,
          "lit": ""
        }
      },
      {
        "key": {
          "type": 0,
          "file": 2,
          "line": 70,
          "col": 3,
          "lit": "sparse-checkout-cone-mode"
        },
        "value": {
          "type": 0,
          "file": 2,
          "line": 73,
          "col": 14,
          "lit": "true"
        }
      },
      {
        "key": {
          "type": 0,
          "file": 2,
          "line": 74,
          "col": 3,
          "lit": "fetch-depth"
        },
        "value": {
          "type": 0,
          "file": 2,
          "line": 76,
          "col": 14,
          "lit": "1"
        }
      },
      {
        "key": {
          "type": 0,
          "file": 2,
          "line": 77,
          "col": 3,
          "lit": "fetch-tags"
        },
        "value": {
          "type": 0,
          "file": 2,
          "line": 79,
          "col": 14,
          "lit": "false"
        }
      },
      {
        "key": {
          "type": 0,
          "file": 2,
          "line": 80,
          "col": 3,
          "lit": "show-progress"
        },
        "value": {
          "type": 0,
          "file": 2,
          "line": 82,
          "col": 14,
          "lit": "true"
        }
      },
      {
        "key": {
          "type": 0,
          "file": 2,
          "line": 83,
          "col": 3,
          "lit": "lfs"
        },
        "value": {
          "type": 0,
          "file": 2,
          "line": 85,
          "col": 14,
          "lit": "false"
        }
      },
      {
        "key": {
          "type": 0,
          "file": 2,
          "line": 86,
          "col": 3,
          "lit": "submodules"
        },
        "value": {
          "type": 0,
          "file": 2,
          "line": 94,
          "col": 14,
          "lit": "false"
        }
      },
      {
        "key": {
          "type": 0,
          "file": 2,
          "line": 95,
          "col": 3,
          "lit": "set-safe-directory"
        },
        "value": {
          "type": 0,
          "file": 2,
          "line": 97,
          "col": 14,
          "lit": "true"
        }
      },
      {
        "key": {
          "type": 0,
          "file": 2,
          "line": 98,
          "col": 3,
          "lit": "github-server-url"
        },
        "value": ""
      }
    ]
  },
  "execution": {
    "executionType": "nodeJS",
    "hasPre": false,
    "hasPost": true,
    "script": "dist/index.js",
    "pre": null,
    "post": "dist/index.js",
    "nodeVersion": "node20",
    "cleanupCondition": "always()",
    "initCondition": "always()"
  },
  "deprecated": null
}
[2026-05-23 13:14:19Z INFO ActionManager] Action pre node.js file: N/A.
[2026-05-23 13:14:19Z INFO ActionManager] Action node.js file: dist/index.js.
[2026-05-23 13:14:19Z INFO ActionManager] Action post node.js file: dist/index.js.
[2026-05-23 13:14:19Z INFO JobExtension] Adding .
[2026-05-23 13:14:19Z INFO JobExtension] Adding .
[2026-05-23 13:14:19Z INFO HostContext] Well known directory 'Bin': 'D:\my-project\actions-runner\bin'
[2026-05-23 13:14:19Z INFO HostContext] Well known directory 'Root': 'D:\my-project\actions-runner'
[2026-05-23 13:14:19Z INFO HostContext] Well known directory 'Diag': 'D:\my-project\actions-runner\_diag'
[2026-05-23 13:14:19Z INFO HostContext] Well known directory 'Bin': 'D:\my-project\actions-runner\bin'
[2026-05-23 13:14:19Z INFO HostContext] Well known directory 'Root': 'D:\my-project\actions-runner'
[2026-05-23 13:14:19Z INFO HostContext] Well known directory 'Diag': 'D:\my-project\actions-runner\_diag'
[2026-05-23 13:14:19Z INFO HostContext] Well known directory 'Bin': 'D:\my-project\actions-runner\bin'
[2026-05-23 13:14:19Z INFO HostContext] Well known directory 'Root': 'D:\my-project\actions-runner'
[2026-05-23 13:14:19Z INFO HostContext] Well known directory 'Diag': 'D:\my-project\actions-runner\_diag'
[2026-05-23 13:14:19Z INFO HostContext] Well known directory 'Bin': 'D:\my-project\actions-runner\bin'
[2026-05-23 13:14:19Z INFO HostContext] Well known directory 'Root': 'D:\my-project\actions-runner'
[2026-05-23 13:14:19Z INFO HostContext] Well known directory 'Diag': 'D:\my-project\actions-runner\_diag'
[2026-05-23 13:14:19Z INFO JobExtension] Total accessible running process: 266.
[2026-05-23 13:14:19Z INFO HostContext] Well known directory 'Bin': 'D:\my-project\actions-runner\bin'
[2026-05-23 13:14:19Z INFO HostContext] Well known directory 'Root': 'D:\my-project\actions-runner'
[2026-05-23 13:14:19Z INFO HostContext] Well known directory 'Work': 'D:\my-project\actions-runner\_work'
[2026-05-23 13:14:19Z INFO JobExtension] Start checking server connectivity.
[2026-05-23 13:14:19Z INFO JobExtension] Check server connectivity for https://broker.actions.githubusercontent.com/health.
[2026-05-23 13:14:19Z INFO JobExtension] Check server connectivity for https://token.actions.githubusercontent.com/ready.
[2026-05-23 13:14:19Z INFO JobExtension] Check server connectivity for https://run.actions.githubusercontent.com/health.
[2026-05-23 13:14:19Z INFO JobExtension] Start checking service connectivity in background.
[2026-05-23 13:14:19Z INFO ExecutionContext] Publish step telemetry for current step {
  "action": "setup_job",
  "type": "runner",
  "stage": "Pre",
  "stepId": "7b2a2c2f-ab66-45eb-9788-ea122dca78ce",
  "result": "succeeded",
  "errorMessages": [],
  "executionTimeInSeconds": 4,
  "startTime": "2026-05-23T13:14:16.299738Z",
  "finishTime": "2026-05-23T13:14:19.4046419Z"
}.
[2026-05-23 13:14:19Z INFO JobRunner] Total job steps: 2.
[2026-05-23 13:14:19Z INFO JobRunner] Run all job steps.
[2026-05-23 13:14:19Z INFO DapDebugger] DapDebugger initialized
[2026-05-23 13:14:19Z INFO StepsRunner] Processing step: DisplayName='Checkout Repository'
[2026-05-23 13:14:19Z INFO StepsRunner] Evaluating: success()
[2026-05-23 13:14:19Z INFO StepsRunner] Result: true
[2026-05-23 13:14:19Z INFO StepsRunner] Starting the step.
[2026-05-23 13:14:19Z INFO HostContext] Well known directory 'Bin': 'D:\my-project\actions-runner\bin'
[2026-05-23 13:14:19Z INFO HostContext] Well known directory 'Root': 'D:\my-project\actions-runner'
[2026-05-23 13:14:19Z INFO HostContext] Well known directory 'Work': 'D:\my-project\actions-runner\_work'
[2026-05-23 13:14:19Z INFO StepsRunner] Which2: 'chcp'
[2026-05-23 13:14:19Z INFO StepsRunner] Location: 'C:\WINDOWS\system32\chcp.COM'
[2026-05-23 13:14:19Z INFO ProcessInvokerWrapper] Starting process:
[2026-05-23 13:14:19Z INFO ProcessInvokerWrapper]   File name: 'C:\WINDOWS\system32\chcp.COM'
[2026-05-23 13:14:19Z INFO ProcessInvokerWrapper]   Arguments: '65001'
[2026-05-23 13:14:19Z INFO ProcessInvokerWrapper]   Working directory: 'D:\my-project\actions-runner\_work'
[2026-05-23 13:14:19Z INFO ProcessInvokerWrapper]   Require exit code zero: 'False'
[2026-05-23 13:14:19Z INFO ProcessInvokerWrapper]   Encoding web name:  ; code page: ''
[2026-05-23 13:14:19Z INFO ProcessInvokerWrapper]   Force kill process on cancellation: 'False'
[2026-05-23 13:14:19Z INFO ProcessInvokerWrapper]   Redirected STDIN: 'False'
[2026-05-23 13:14:19Z INFO ProcessInvokerWrapper]   Persist current code page: 'True'
[2026-05-23 13:14:19Z INFO ProcessInvokerWrapper]   Keep redirected STDIN open: 'False'
[2026-05-23 13:14:19Z INFO ProcessInvokerWrapper]   High priority process: 'False'
[2026-05-23 13:14:19Z INFO ProcessInvokerWrapper] Process started with process id 12592, waiting for process exit.
[2026-05-23 13:14:19Z INFO ProcessInvokerWrapper] STDOUT/STDERR stream read finished.
[2026-05-23 13:14:19Z INFO ProcessInvokerWrapper] STDOUT/STDERR stream read finished.
[2026-05-23 13:14:19Z INFO ProcessInvokerWrapper] Finished process 12592 with exit code 0, and elapsed time 00:00:00.0263479.
[2026-05-23 13:14:19Z INFO StepsRunner] Successfully returned to code page 65001 (UTF8)
[2026-05-23 13:14:19Z INFO HostContext] Well known directory 'Bin': 'D:\my-project\actions-runner\bin'
[2026-05-23 13:14:19Z INFO HostContext] Well known directory 'Root': 'D:\my-project\actions-runner'
[2026-05-23 13:14:19Z INFO HostContext] Well known directory 'Work': 'D:\my-project\actions-runner\_work'
[2026-05-23 13:14:19Z INFO HostContext] Well known directory 'Actions': 'D:\my-project\actions-runner\_work\_actions'
[2026-05-23 13:14:19Z INFO ActionManager] Load action that reference repository from 'D:\my-project\actions-runner\_work\_actions\actions\checkout\v4'
[2026-05-23 13:14:19Z INFO HostContext] Well known directory 'Bin': 'D:\my-project\actions-runner\bin'
[2026-05-23 13:14:19Z INFO HostContext] Well known directory 'Root': 'D:\my-project\actions-runner'
[2026-05-23 13:14:19Z INFO HostContext] Well known directory 'Work': 'D:\my-project\actions-runner\_work'
[2026-05-23 13:14:19Z INFO HostContext] Well known directory 'Actions': 'D:\my-project\actions-runner\_work\_actions'
[2026-05-23 13:14:19Z INFO JobServerQueue] Try to append 1 batches web console lines for record '7b2a2c2f-ab66-45eb-9788-ea122dca78ce', success rate: 1/1.
[2026-05-23 13:14:19Z INFO ActionManifestManagerLegacy] Loaded action.yml file: {
  "name": "Checkout",
  "description": "Checkout a Git repository at a particular version",
  "inputs": {
    "type": 2,
    "map": [
      {
        "key": {
          "type": 0,
          "file": 2,
          "line": 4,
          "col": 3,
          "lit": "repository"
        },
        "value": {
          "type": 3,
          "file": 2,
          "line": 6,
          "col": 14,
          "expr": "github.repository"
        }
      },
      {
        "key": {
          "type": 0,
          "file": 2,
          "line": 7,
          "col": 3,
          "lit": "ref"
        },
        "value": ""
      },
      {
        "key": {
          "type": 0,
          "file": 2,
          "line": 12,
          "col": 3,
          "lit": "token"
        },
        "value": {
          "type": 3,
          "file": 2,
          "line": 24,
          "col": 14,
          "expr": "github.token"
        }
      },
      {
        "key": {
          "type": 0,
          "file": 2,
          "line": 25,
          "col": 3,
          "lit": "ssh-key"
        },
        "value": ""
      },
      {
        "key": {
          "type": 0,
          "file": 2,
          "line": 37,
          "col": 3,
          "lit": "ssh-known-hosts"
        },
        "value": ""
      },
      {
        "key": {
          "type": 0,
          "file": 2,
          "line": 42,
          "col": 3,
          "lit": "ssh-strict"
        },
        "value": {
          "type": 0,
          "file": 2,
          "line": 47,
          "col": 14,
          "lit": "true"
        }
      },
      {
        "key": {
          "type": 0,
          "file": 2,
          "line": 48,
          "col": 3,
          "lit": "ssh-user"
        },
        "value": {
          "type": 0,
          "file": 2,
          "line": 51,
          "col": 14,
          "lit": "git"
        }
      },
      {
        "key": {
          "type": 0,
          "file": 2,
          "line": 52,
          "col": 3,
          "lit": "persist-credentials"
        },
        "value": {
          "type": 0,
          "file": 2,
          "line": 54,
          "col": 14,
          "lit": "true"
        }
      },
      {
        "key": {
          "type": 0,
          "file": 2,
          "line": 55,
          "col": 3,
          "lit": "path"
        },
        "value": ""
      },
      {
        "key": {
          "type": 0,
          "file": 2,
          "line": 57,
          "col": 3,
          "lit": "clean"
        },
        "value": {
          "type": 0,
          "file": 2,
          "line": 59,
          "col": 14,
          "lit": "true"
        }
      },
      {
        "key": {
          "type": 0,
          "file": 2,
          "line": 60,
          "col": 3,
          "lit": "filter"
        },
        "value": {
          "type": 0,
          "file": 2,
          "line": 64,
          "col": 14,
          "lit": ""
        }
      },
      {
        "key": {
          "type": 0,
          "file": 2,
          "line": 65,
          "col": 3,
          "lit": "sparse-checkout"
        },
        "value": {
          "type": 0,
          "file": 2,
          "line": 69,
          "col": 14,
          "lit": ""
        }
      },
      {
        "key": {
          "type": 0,
          "file": 2,
          "line": 70,
          "col": 3,
          "lit": "sparse-checkout-cone-mode"
        },
        "value": {
          "type": 0,
          "file": 2,
          "line": 73,
          "col": 14,
          "lit": "true"
        }
      },
      {
        "key": {
          "type": 0,
          "file": 2,
          "line": 74,
          "col": 3,
          "lit": "fetch-depth"
        },
        "value": {
          "type": 0,
          "file": 2,
          "line": 76,
          "col": 14,
          "lit": "1"
        }
      },
      {
        "key": {
          "type": 0,
          "file": 2,
          "line": 77,
          "col": 3,
          "lit": "fetch-tags"
        },
        "value": {
          "type": 0,
          "file": 2,
          "line": 79,
          "col": 14,
          "lit": "false"
        }
      },
      {
        "key": {
          "type": 0,
          "file": 2,
          "line": 80,
          "col": 3,
          "lit": "show-progress"
        },
        "value": {
          "type": 0,
          "file": 2,
          "line": 82,
          "col": 14,
          "lit": "true"
        }
      },
      {
        "key": {
          "type": 0,
          "file": 2,
          "line": 83,
          "col": 3,
          "lit": "lfs"
        },
        "value": {
          "type": 0,
          "file": 2,
          "line": 85,
          "col": 14,
          "lit": "false"
        }
      },
      {
        "key": {
          "type": 0,
          "file": 2,
          "line": 86,
          "col": 3,
          "lit": "submodules"
        },
        "value": {
          "type": 0,
          "file": 2,
          "line": 94,
          "col": 14,
          "lit": "false"
        }
      },
      {
        "key": {
          "type": 0,
          "file": 2,
          "line": 95,
          "col": 3,
          "lit": "set-safe-directory"
        },
        "value": {
          "type": 0,
          "file": 2,
          "line": 97,
          "col": 14,
          "lit": "true"
        }
      },
      {
        "key": {
          "type": 0,
          "file": 2,
          "line": 98,
          "col": 3,
          "lit": "github-server-url"
        },
        "value": ""
      }
    ]
  },
  "execution": {
    "executionType": "nodeJS",
    "hasPre": false,
    "hasPost": true,
    "script": "dist/index.js",
    "pre": null,
    "post": "dist/index.js",
    "nodeVersion": "node20",
    "cleanupCondition": "always()",
    "initCondition": "always()"
  },
  "deprecated": null
}
[2026-05-23 13:14:19Z INFO ActionManager] Action pre node.js file: N/A.
[2026-05-23 13:14:19Z INFO ActionManager] Action node.js file: dist/index.js.
[2026-05-23 13:14:19Z INFO ActionManager] Action post node.js file: dist/index.js.
[2026-05-23 13:14:19Z INFO ExecutionContext] Reserve record order 4 to 6 for post job actions.
[2026-05-23 13:14:19Z INFO HostContext] Well known directory 'Bin': 'D:\my-project\actions-runner\bin'
[2026-05-23 13:14:19Z INFO HostContext] Well known directory 'Root': 'D:\my-project\actions-runner'
[2026-05-23 13:14:19Z INFO HostContext] Well known directory 'Diag': 'D:\my-project\actions-runner\_diag'
[2026-05-23 13:14:19Z INFO HostContext] Well known directory 'Bin': 'D:\my-project\actions-runner\bin'
[2026-05-23 13:14:19Z INFO HostContext] Well known directory 'Root': 'D:\my-project\actions-runner'
[2026-05-23 13:14:19Z INFO HostContext] Well known directory 'Diag': 'D:\my-project\actions-runner\_diag'
[2026-05-23 13:14:19Z INFO HostContext] Well known directory 'Bin': 'D:\my-project\actions-runner\bin'
[2026-05-23 13:14:19Z INFO HostContext] Well known directory 'Root': 'D:\my-project\actions-runner'
[2026-05-23 13:14:19Z INFO HostContext] Well known directory 'Work': 'D:\my-project\actions-runner\_work'
[2026-05-23 13:14:19Z INFO HostContext] Well known directory 'Temp': 'D:\my-project\actions-runner\_work\_temp'
[2026-05-23 13:14:19Z INFO ExecutionContext] Write event payload to D:\my-project\actions-runner\_work\_temp\_github_workflow\event.json
[2026-05-23 13:14:19Z INFO HostContext] Well known directory 'Bin': 'D:\my-project\actions-runner\bin'
[2026-05-23 13:14:19Z INFO HostContext] Well known directory 'Root': 'D:\my-project\actions-runner'
[2026-05-23 13:14:19Z INFO HostContext] Well known directory 'Work': 'D:\my-project\actions-runner\_work'
[2026-05-23 13:14:19Z INFO HostContext] Well known directory 'Temp': 'D:\my-project\actions-runner\_work\_temp'
[2026-05-23 13:14:19Z INFO ExtensionManager] Getting extensions for interface: 'GitHub.Runner.Worker.IFileCommandExtension'
[2026-05-23 13:14:19Z INFO ExtensionManager] Creating instance: GitHub.Runner.Worker.AddPathFileCommand, Runner.Worker
[2026-05-23 13:14:19Z INFO ExtensionManager] Creating instance: GitHub.Runner.Worker.SetEnvFileCommand, Runner.Worker
[2026-05-23 13:14:19Z INFO ExtensionManager] Creating instance: GitHub.Runner.Worker.CreateStepSummaryCommand, Runner.Worker
[2026-05-23 13:14:19Z INFO ExtensionManager] Creating instance: GitHub.Runner.Worker.SaveStateFileCommand, Runner.Worker
[2026-05-23 13:14:19Z INFO ExtensionManager] Creating instance: GitHub.Runner.Worker.SetOutputFileCommand, Runner.Worker
[2026-05-23 13:14:19Z INFO ActionManifestManagerLegacy] Input 'repository': default value evaluate result: {
  "type": 0,
  "file": 2,
  "line": 6,
  "col": 14,
  "lit": "sarthak-agnihotri/my-project"
}
[2026-05-23 13:14:19Z INFO ActionManifestManagerLegacy] Input 'ref': default value evaluate result: ""
[2026-05-23 13:14:19Z INFO ActionManifestManagerLegacy] Input 'token': default value evaluate result: {
  "type": 0,
  "file": 2,
  "line": 24,
  "col": 14,
  "lit": "***"
}
[2026-05-23 13:14:19Z INFO ActionManifestManagerLegacy] Input 'ssh-key': default value evaluate result: ""
[2026-05-23 13:14:19Z INFO ActionManifestManagerLegacy] Input 'ssh-known-hosts': default value evaluate result: ""
[2026-05-23 13:14:19Z INFO ActionManifestManagerLegacy] Input 'ssh-strict': default value evaluate result: {
  "type": 0,
  "file": 2,
  "line": 47,
  "col": 14,
  "lit": "true"
}
[2026-05-23 13:14:19Z INFO ActionManifestManagerLegacy] Input 'ssh-user': default value evaluate result: {
  "type": 0,
  "file": 2,
  "line": 51,
  "col": 14,
  "lit": "git"
}
[2026-05-23 13:14:19Z INFO ActionManifestManagerLegacy] Input 'persist-credentials': default value evaluate result: {
  "type": 0,
  "file": 2,
  "line": 54,
  "col": 14,
  "lit": "true"
}
[2026-05-23 13:14:19Z INFO ActionManifestManagerLegacy] Input 'path': default value evaluate result: ""
[2026-05-23 13:14:19Z INFO ActionManifestManagerLegacy] Input 'clean': default value evaluate result: {
  "type": 0,
  "file": 2,
  "line": 59,
  "col": 14,
  "lit": "true"
}
[2026-05-23 13:14:19Z INFO ActionManifestManagerLegacy] Input 'filter': default value evaluate result: {
  "type": 0,
  "file": 2,
  "line": 64,
  "col": 14,
  "lit": ""
}
[2026-05-23 13:14:19Z INFO ActionManifestManagerLegacy] Input 'sparse-checkout': default value evaluate result: {
  "type": 0,
  "file": 2,
  "line": 69,
  "col": 14,
  "lit": ""
}
[2026-05-23 13:14:19Z INFO ActionManifestManagerLegacy] Input 'sparse-checkout-cone-mode': default value evaluate result: {
  "type": 0,
  "file": 2,
  "line": 73,
  "col": 14,
  "lit": "true"
}
[2026-05-23 13:14:19Z INFO ActionManifestManagerLegacy] Input 'fetch-depth': default value evaluate result: {
  "type": 0,
  "file": 2,
  "line": 76,
  "col": 14,
  "lit": "1"
}
[2026-05-23 13:14:19Z INFO ActionManifestManagerLegacy] Input 'fetch-tags': default value evaluate result: {
  "type": 0,
  "file": 2,
  "line": 79,
  "col": 14,
  "lit": "false"
}
[2026-05-23 13:14:19Z INFO ActionManifestManagerLegacy] Input 'show-progress': default value evaluate result: {
  "type": 0,
  "file": 2,
  "line": 82,
  "col": 14,
  "lit": "true"
}
[2026-05-23 13:14:19Z INFO ActionManifestManagerLegacy] Input 'lfs': default value evaluate result: {
  "type": 0,
  "file": 2,
  "line": 85,
  "col": 14,
  "lit": "false"
}
[2026-05-23 13:14:19Z INFO ActionManifestManagerLegacy] Input 'submodules': default value evaluate result: {
  "type": 0,
  "file": 2,
  "line": 94,
  "col": 14,
  "lit": "false"
}
[2026-05-23 13:14:19Z INFO ActionManifestManagerLegacy] Input 'set-safe-directory': default value evaluate result: {
  "type": 0,
  "file": 2,
  "line": 97,
  "col": 14,
  "lit": "true"
}
[2026-05-23 13:14:19Z INFO ActionManifestManagerLegacy] Input 'github-server-url': default value evaluate result: ""
[2026-05-23 13:14:19Z INFO ExtensionManager] Getting extensions for interface: 'GitHub.Runner.Worker.IActionCommandExtension'
[2026-05-23 13:14:19Z INFO ExtensionManager] Creating instance: GitHub.Runner.Worker.InternalPluginSetRepoPathCommandExtension, Runner.Worker
[2026-05-23 13:14:19Z INFO ExtensionManager] Creating instance: GitHub.Runner.Worker.SetEnvCommandExtension, Runner.Worker
[2026-05-23 13:14:19Z INFO ExtensionManager] Creating instance: GitHub.Runner.Worker.SetOutputCommandExtension, Runner.Worker
[2026-05-23 13:14:19Z INFO ExtensionManager] Creating instance: GitHub.Runner.Worker.SaveStateCommandExtension, Runner.Worker
[2026-05-23 13:14:19Z INFO ExtensionManager] Creating instance: GitHub.Runner.Worker.AddPathCommandExtension, Runner.Worker
[2026-05-23 13:14:19Z INFO ExtensionManager] Creating instance: GitHub.Runner.Worker.AddMaskCommandExtension, Runner.Worker
[2026-05-23 13:14:19Z INFO ExtensionManager] Creating instance: GitHub.Runner.Worker.AddMatcherCommandExtension, Runner.Worker
[2026-05-23 13:14:19Z INFO ExtensionManager] Creating instance: GitHub.Runner.Worker.RemoveMatcherCommandExtension, Runner.Worker
[2026-05-23 13:14:19Z INFO ExtensionManager] Creating instance: GitHub.Runner.Worker.WarningCommandExtension, Runner.Worker
[2026-05-23 13:14:19Z INFO ExtensionManager] Creating instance: GitHub.Runner.Worker.ErrorCommandExtension, Runner.Worker
[2026-05-23 13:14:19Z INFO ExtensionManager] Creating instance: GitHub.Runner.Worker.NoticeCommandExtension, Runner.Worker
[2026-05-23 13:14:19Z INFO ExtensionManager] Creating instance: GitHub.Runner.Worker.DebugCommandExtension, Runner.Worker
[2026-05-23 13:14:19Z INFO ExtensionManager] Creating instance: GitHub.Runner.Worker.GroupCommandExtension, Runner.Worker
[2026-05-23 13:14:19Z INFO ExtensionManager] Creating instance: GitHub.Runner.Worker.EndGroupCommandExtension, Runner.Worker
[2026-05-23 13:14:19Z INFO ExtensionManager] Creating instance: GitHub.Runner.Worker.EchoCommandExtension, Runner.Worker
[2026-05-23 13:14:19Z INFO ActionCommandManager] Register action command extension for command internal-set-repo-path
[2026-05-23 13:14:19Z INFO ActionCommandManager] Register action command extension for command set-env
[2026-05-23 13:14:19Z INFO ActionCommandManager] Register action command extension for command set-output
[2026-05-23 13:14:19Z INFO ActionCommandManager] Register action command extension for command save-state
[2026-05-23 13:14:19Z INFO ActionCommandManager] Register action command extension for command add-path
[2026-05-23 13:14:19Z INFO ActionCommandManager] Register action command extension for command add-mask
[2026-05-23 13:14:19Z INFO ActionCommandManager] Register action command extension for command add-matcher
[2026-05-23 13:14:19Z INFO ActionCommandManager] Register action command extension for command remove-matcher
[2026-05-23 13:14:19Z INFO ActionCommandManager] Register action command extension for command warning
[2026-05-23 13:14:19Z INFO ActionCommandManager] Register action command extension for command error
[2026-05-23 13:14:19Z INFO ActionCommandManager] Register action command extension for command notice
[2026-05-23 13:14:19Z INFO ActionCommandManager] Register action command extension for command debug
[2026-05-23 13:14:19Z INFO ActionCommandManager] Register action command extension for command group
[2026-05-23 13:14:19Z INFO ActionCommandManager] Register action command extension for command endgroup
[2026-05-23 13:14:19Z INFO ActionCommandManager] Register action command extension for command echo
[2026-05-23 13:14:19Z INFO HostContext] Well known directory 'Bin': 'D:\my-project\actions-runner\bin'
[2026-05-23 13:14:19Z INFO HostContext] Well known directory 'Root': 'D:\my-project\actions-runner'
[2026-05-23 13:14:19Z INFO HostContext] Well known directory 'Externals': 'D:\my-project\actions-runner\externals'
[2026-05-23 13:14:19Z INFO ProcessInvokerWrapper] Starting process:
[2026-05-23 13:14:19Z INFO ProcessInvokerWrapper]   File name: 'D:\my-project\actions-runner\externals\node20\bin\node.exe'
[2026-05-23 13:14:19Z INFO ProcessInvokerWrapper]   Arguments: '"D:\my-project\actions-runner\_work\_actions\actions\checkout\v4\dist/index.js"'
[2026-05-23 13:14:19Z INFO ProcessInvokerWrapper]   Working directory: 'D:\my-project\actions-runner\_work\my-project\my-project'
[2026-05-23 13:14:19Z INFO ProcessInvokerWrapper]   Require exit code zero: 'False'
[2026-05-23 13:14:19Z INFO ProcessInvokerWrapper]   Encoding web name: utf-8 ; code page: '65001'
[2026-05-23 13:14:19Z INFO ProcessInvokerWrapper]   Force kill process on cancellation: 'False'
[2026-05-23 13:14:19Z INFO ProcessInvokerWrapper]   Redirected STDIN: 'False'
[2026-05-23 13:14:19Z INFO ProcessInvokerWrapper]   Persist current code page: 'True'
[2026-05-23 13:14:19Z INFO ProcessInvokerWrapper]   Keep redirected STDIN open: 'False'
[2026-05-23 13:14:19Z INFO ProcessInvokerWrapper]   High priority process: 'False'
[2026-05-23 13:14:19Z INFO JobServerQueue] Try to append 1 batches web console lines for record 'c1a16801-661d-487a-abdd-adaa0f48ee21', success rate: 1/1.
[2026-05-23 13:14:20Z INFO JobServerQueue] Got a step log file to send to results service.
[2026-05-23 13:14:20Z INFO JobServerQueue] Try to upload 1 log files or attachments, success rate: 1/1.
[2026-05-23 13:14:20Z INFO JobServerQueue] Starting upload of step log file to results service ResultsLog, D:\my-project\actions-runner\_diag\blocks\97b5f8dd-6f97-4144-9fbf-cc74f8e8f071_7b2a2c2f-ab66-45eb-9788-ea122dca78ce.1
[2026-05-23 13:14:22Z INFO ProcessInvokerWrapper] Process started with process id 5080, waiting for process exit.
[2026-05-23 13:14:22Z INFO JobServerQueue] Tried to upload 1 file(s) to results, success rate: 1/1.
[2026-05-23 13:14:22Z INFO AddMaskCommandExtension] Add new secret mask with length of 76
[2026-05-23 13:14:23Z INFO JobServerQueue] Try to append 1 batches web console lines for record 'c1a16801-661d-487a-abdd-adaa0f48ee21', success rate: 1/1.
[2026-05-23 13:14:23Z INFO JobServerQueue] Try to append 1 batches web console lines for record 'c1a16801-661d-487a-abdd-adaa0f48ee21', success rate: 1/1.
[2026-05-23 13:14:25Z INFO JobServerQueue] Try to append 1 batches web console lines for record 'c1a16801-661d-487a-abdd-adaa0f48ee21', success rate: 1/1.
[2026-05-23 13:14:26Z INFO JobServerQueue] Try to append 1 batches web console lines for record 'c1a16801-661d-487a-abdd-adaa0f48ee21', success rate: 1/1.
[2026-05-23 13:14:26Z INFO JobServerQueue] Try to append 1 batches web console lines for record 'c1a16801-661d-487a-abdd-adaa0f48ee21', success rate: 1/1.
[2026-05-23 13:14:27Z INFO JobServerQueue] Try to append 1 batches web console lines for record 'c1a16801-661d-487a-abdd-adaa0f48ee21', success rate: 1/1.
[2026-05-23 13:14:27Z INFO JobServerQueue] Try to append 1 batches web console lines for record 'c1a16801-661d-487a-abdd-adaa0f48ee21', success rate: 1/1.
[2026-05-23 13:14:29Z INFO HostContext] Well known directory 'Bin': 'D:\my-project\actions-runner\bin'
[2026-05-23 13:14:29Z INFO HostContext] Well known directory 'Root': 'D:\my-project\actions-runner'
[2026-05-23 13:14:29Z INFO HostContext] Well known directory 'Work': 'D:\my-project\actions-runner\_work'
[2026-05-23 13:14:39Z INFO HostContext] Well known directory 'Bin': 'D:\my-project\actions-runner\bin'
[2026-05-23 13:14:39Z INFO HostContext] Well known directory 'Root': 'D:\my-project\actions-runner'
[2026-05-23 13:14:39Z INFO HostContext] Well known directory 'Work': 'D:\my-project\actions-runner\_work'
[2026-05-23 13:14:49Z INFO HostContext] Well known directory 'Bin': 'D:\my-project\actions-runner\bin'
[2026-05-23 13:14:49Z INFO HostContext] Well known directory 'Root': 'D:\my-project\actions-runner'
[2026-05-23 13:14:49Z INFO HostContext] Well known directory 'Work': 'D:\my-project\actions-runner\_work'
[2026-05-23 13:14:50Z INFO JobServerQueue] Try to append 1 batches web console lines for record 'c1a16801-661d-487a-abdd-adaa0f48ee21', success rate: 1/1.
[2026-05-23 13:14:51Z INFO JobServerQueue] Try to append 1 batches web console lines for record 'c1a16801-661d-487a-abdd-adaa0f48ee21', success rate: 1/1.
[2026-05-23 13:14:52Z INFO JobServerQueue] Try to append 1 batches web console lines for record 'c1a16801-661d-487a-abdd-adaa0f48ee21', success rate: 1/1.
[2026-05-23 13:14:52Z INFO JobServerQueue] Try to append 1 batches web console lines for record 'c1a16801-661d-487a-abdd-adaa0f48ee21', success rate: 1/1.
[2026-05-23 13:14:52Z INFO JobServerQueue] Try to append 1 batches web console lines for record 'c1a16801-661d-487a-abdd-adaa0f48ee21', success rate: 1/1.
[2026-05-23 13:14:53Z INFO JobServerQueue] Try to append 1 batches web console lines for record 'c1a16801-661d-487a-abdd-adaa0f48ee21', success rate: 1/1.
[2026-05-23 13:14:53Z INFO JobServerQueue] Try to append 1 batches web console lines for record 'c1a16801-661d-487a-abdd-adaa0f48ee21', success rate: 1/1.
[2026-05-23 13:14:54Z INFO ProcessInvokerWrapper] STDOUT/STDERR stream read finished.
[2026-05-23 13:14:54Z INFO ProcessInvokerWrapper] STDOUT/STDERR stream read finished.
[2026-05-23 13:14:54Z INFO ProcessInvokerWrapper] Finished process 5080 with exit code 0, and elapsed time 00:00:34.6622674.
[2026-05-23 13:14:54Z INFO CreateStepSummaryCommand] Step Summary file (D:\my-project\actions-runner\_work\_temp\_runner_file_commands\step_summary_1e653342-c92d-4da8-8193-39acfccf4f8e) is empty; skipping attachment upload
[2026-05-23 13:14:54Z INFO StepsRunner] Step result: 
[2026-05-23 13:14:54Z INFO ExecutionContext] Publish step telemetry for current step {
  "action": "actions/checkout",
  "ref": "v4",
  "type": "node20",
  "stage": "Main",
  "stepId": "c1a16801-661d-487a-abdd-adaa0f48ee21",
  "stepContextName": "__actions_checkout",
  "hasPreStep": false,
  "hasPostStep": true,
  "result": "succeeded",
  "errorMessages": [],
  "executionTimeInSeconds": 35,
  "startTime": "2026-05-23T13:14:19.4194518Z",
  "finishTime": "2026-05-23T13:14:54.1994471Z"
}.
[2026-05-23 13:14:54Z INFO StepsRunner] No need for updating job result with current step result 'Succeeded'.
[2026-05-23 13:14:54Z INFO StepsRunner] Current state: job state = ''
[2026-05-23 13:14:54Z INFO StepsRunner] Processing step: DisplayName='Print Message'
[2026-05-23 13:14:54Z INFO StepsRunner] Evaluating: success()
[2026-05-23 13:14:54Z INFO StepsRunner] Result: true
[2026-05-23 13:14:54Z INFO StepsRunner] Starting the step.
[2026-05-23 13:14:54Z INFO HostContext] Well known directory 'Bin': 'D:\my-project\actions-runner\bin'
[2026-05-23 13:14:54Z INFO HostContext] Well known directory 'Root': 'D:\my-project\actions-runner'
[2026-05-23 13:14:54Z INFO HostContext] Well known directory 'Work': 'D:\my-project\actions-runner\_work'
[2026-05-23 13:14:54Z INFO StepsRunner] Which2: 'chcp'
[2026-05-23 13:14:54Z INFO StepsRunner] Location: 'C:\WINDOWS\system32\chcp.COM'
[2026-05-23 13:14:54Z INFO ProcessInvokerWrapper] Starting process:
[2026-05-23 13:14:54Z INFO ProcessInvokerWrapper]   File name: 'C:\WINDOWS\system32\chcp.COM'
[2026-05-23 13:14:54Z INFO ProcessInvokerWrapper]   Arguments: '65001'
[2026-05-23 13:14:54Z INFO ProcessInvokerWrapper]   Working directory: 'D:\my-project\actions-runner\_work'
[2026-05-23 13:14:54Z INFO ProcessInvokerWrapper]   Require exit code zero: 'False'
[2026-05-23 13:14:54Z INFO ProcessInvokerWrapper]   Encoding web name:  ; code page: ''
[2026-05-23 13:14:54Z INFO ProcessInvokerWrapper]   Force kill process on cancellation: 'False'
[2026-05-23 13:14:54Z INFO ProcessInvokerWrapper]   Redirected STDIN: 'False'
[2026-05-23 13:14:54Z INFO ProcessInvokerWrapper]   Persist current code page: 'True'
[2026-05-23 13:14:54Z INFO ProcessInvokerWrapper]   Keep redirected STDIN open: 'False'
[2026-05-23 13:14:54Z INFO ProcessInvokerWrapper]   High priority process: 'False'
[2026-05-23 13:14:54Z INFO ProcessInvokerWrapper] Process started with process id 5008, waiting for process exit.
[2026-05-23 13:14:54Z INFO ProcessInvokerWrapper] STDOUT/STDERR stream read finished.
[2026-05-23 13:14:54Z INFO ProcessInvokerWrapper] STDOUT/STDERR stream read finished.
[2026-05-23 13:14:54Z INFO ProcessInvokerWrapper] Finished process 5008 with exit code 0, and elapsed time 00:00:00.0286526.
[2026-05-23 13:14:54Z INFO StepsRunner] Successfully returned to code page 65001 (UTF8)
[2026-05-23 13:14:54Z INFO HostContext] Well known directory 'Bin': 'D:\my-project\actions-runner\bin'
[2026-05-23 13:14:54Z INFO HostContext] Well known directory 'Root': 'D:\my-project\actions-runner'
[2026-05-23 13:14:54Z INFO HostContext] Well known directory 'Work': 'D:\my-project\actions-runner\_work'
[2026-05-23 13:14:54Z INFO HostContext] Well known directory 'Temp': 'D:\my-project\actions-runner\_work\_temp'
[2026-05-23 13:14:54Z INFO ExecutionContext] Write event payload to D:\my-project\actions-runner\_work\_temp\_github_workflow\event.json
[2026-05-23 13:14:54Z INFO HostContext] Well known directory 'Bin': 'D:\my-project\actions-runner\bin'
[2026-05-23 13:14:54Z INFO HostContext] Well known directory 'Root': 'D:\my-project\actions-runner'
[2026-05-23 13:14:54Z INFO HostContext] Well known directory 'Work': 'D:\my-project\actions-runner\_work'
[2026-05-23 13:14:54Z INFO HostContext] Well known directory 'Temp': 'D:\my-project\actions-runner\_work\_temp'
[2026-05-23 13:14:54Z INFO ExtensionManager] Getting extensions for interface: 'GitHub.Runner.Worker.IFileCommandExtension'
[2026-05-23 13:14:54Z INFO JobServerQueue] Try to append 1 batches web console lines for record 'c1a16801-661d-487a-abdd-adaa0f48ee21', success rate: 1/1.
[2026-05-23 13:14:54Z INFO ExtensionManager] Getting extensions for interface: 'GitHub.Runner.Worker.IActionCommandExtension'
[2026-05-23 13:14:54Z INFO ActionCommandManager] Register action command extension for command internal-set-repo-path
[2026-05-23 13:14:54Z INFO ActionCommandManager] Register action command extension for command set-env
[2026-05-23 13:14:54Z INFO ActionCommandManager] Register action command extension for command set-output
[2026-05-23 13:14:54Z INFO ActionCommandManager] Register action command extension for command save-state
[2026-05-23 13:14:54Z INFO ActionCommandManager] Register action command extension for command add-path
[2026-05-23 13:14:54Z INFO ActionCommandManager] Register action command extension for command add-mask
[2026-05-23 13:14:54Z INFO ActionCommandManager] Register action command extension for command add-matcher
[2026-05-23 13:14:54Z INFO ActionCommandManager] Register action command extension for command remove-matcher
[2026-05-23 13:14:54Z INFO ActionCommandManager] Register action command extension for command warning
[2026-05-23 13:14:54Z INFO ActionCommandManager] Register action command extension for command error
[2026-05-23 13:14:54Z INFO ActionCommandManager] Register action command extension for command notice
[2026-05-23 13:14:54Z INFO ActionCommandManager] Register action command extension for command debug
[2026-05-23 13:14:54Z INFO ActionCommandManager] Register action command extension for command group
[2026-05-23 13:14:54Z INFO ActionCommandManager] Register action command extension for command endgroup
[2026-05-23 13:14:54Z INFO ActionCommandManager] Register action command extension for command echo
[2026-05-23 13:14:54Z INFO ScriptHandler] Which2: 'pwsh'
[2026-05-23 13:14:54Z INFO ScriptHandler] pwsh: command not found. Make sure 'pwsh' is installed and its location included in the 'Path' environment variable.
[2026-05-23 13:14:54Z INFO ScriptHandler] Defaulting to powershell
[2026-05-23 13:14:54Z INFO ScriptHandler] Which2: 'powershell'
[2026-05-23 13:14:54Z INFO ScriptHandler] Location: 'C:\WINDOWS\System32\WindowsPowerShell\v1.0\powershell.EXE'
[2026-05-23 13:14:54Z INFO HostContext] Well known directory 'Bin': 'D:\my-project\actions-runner\bin'
[2026-05-23 13:14:54Z INFO HostContext] Well known directory 'Root': 'D:\my-project\actions-runner'
[2026-05-23 13:14:54Z INFO HostContext] Well known directory 'Work': 'D:\my-project\actions-runner\_work'
[2026-05-23 13:14:54Z INFO HostContext] Well known directory 'Temp': 'D:\my-project\actions-runner\_work\_temp'
[2026-05-23 13:14:54Z INFO ScriptHandler] Which2: 'pwsh'
[2026-05-23 13:14:54Z INFO ScriptHandler] pwsh: command not found. Make sure 'pwsh' is installed and its location included in the 'Path' environment variable.
[2026-05-23 13:14:54Z INFO ScriptHandler] Defaulting to powershell
[2026-05-23 13:14:54Z INFO ScriptHandler] Which2: 'powershell'
[2026-05-23 13:14:54Z INFO ScriptHandler] Location: 'C:\WINDOWS\System32\WindowsPowerShell\v1.0\powershell.EXE'
[2026-05-23 13:14:54Z INFO ProcessInvokerWrapper] Starting process:
[2026-05-23 13:14:54Z INFO ProcessInvokerWrapper]   File name: 'C:\WINDOWS\System32\WindowsPowerShell\v1.0\powershell.EXE'
[2026-05-23 13:14:54Z INFO ProcessInvokerWrapper]   Arguments: '-command ". 'D:\my-project\actions-runner\_work\_temp\2a337c2c-039b-4a3f-b428-87f34e95bb43.ps1'"'
[2026-05-23 13:14:54Z INFO ProcessInvokerWrapper]   Working directory: 'D:\my-project\actions-runner\_work\my-project\my-project'
[2026-05-23 13:14:54Z INFO ProcessInvokerWrapper]   Require exit code zero: 'False'
[2026-05-23 13:14:54Z INFO ProcessInvokerWrapper]   Encoding web name:  ; code page: ''
[2026-05-23 13:14:54Z INFO ProcessInvokerWrapper]   Force kill process on cancellation: 'False'
[2026-05-23 13:14:54Z INFO ProcessInvokerWrapper]   Redirected STDIN: 'False'
[2026-05-23 13:14:54Z INFO ProcessInvokerWrapper]   Persist current code page: 'True'
[2026-05-23 13:14:54Z INFO ProcessInvokerWrapper]   Keep redirected STDIN open: 'False'
[2026-05-23 13:14:54Z INFO ProcessInvokerWrapper]   High priority process: 'False'
[2026-05-23 13:14:54Z INFO JobServerQueue] Try to append 1 batches web console lines for record 'a1e74cc6-b898-4f5a-bf25-55708ee45e45', success rate: 1/1.
[2026-05-23 13:14:54Z INFO ProcessInvokerWrapper] Process started with process id 1824, waiting for process exit.
[2026-05-23 13:14:54Z INFO JobServerQueue] Try to upload 1 log files or attachments, success rate: 1/1.
[2026-05-23 13:14:54Z INFO JobServerQueue] Got a step log file to send to results service.
[2026-05-23 13:14:54Z INFO JobServerQueue] Starting upload of step log file to results service ResultsLog, D:\my-project\actions-runner\_diag\blocks\97b5f8dd-6f97-4144-9fbf-cc74f8e8f071_c1a16801-661d-487a-abdd-adaa0f48ee21.1
[2026-05-23 13:14:54Z INFO ProcessInvokerWrapper] STDOUT/STDERR stream read finished.
[2026-05-23 13:14:54Z INFO ProcessInvokerWrapper] STDOUT/STDERR stream read finished.
[2026-05-23 13:14:54Z INFO ProcessInvokerWrapper] Finished process 1824 with exit code 0, and elapsed time 00:00:00.4977922.
[2026-05-23 13:14:54Z INFO CreateStepSummaryCommand] Step Summary file (D:\my-project\actions-runner\_work\_temp\_runner_file_commands\step_summary_d8e7c6d0-abe2-4f3f-a6b2-4ec981fb7a29) is empty; skipping attachment upload
[2026-05-23 13:14:54Z INFO StepsRunner] Step result: 
[2026-05-23 13:14:54Z INFO ExecutionContext] Publish step telemetry for current step {
  "action": "powershell",
  "type": "run",
  "stage": "Main",
  "stepId": "a1e74cc6-b898-4f5a-bf25-55708ee45e45",
  "stepContextName": "__run",
  "result": "succeeded",
  "errorMessages": [],
  "executionTimeInSeconds": 1,
  "startTime": "2026-05-23T13:14:54.203597Z",
  "finishTime": "2026-05-23T13:14:54.9975159Z"
}.
[2026-05-23 13:14:55Z INFO StepsRunner] No need for updating job result with current step result 'Succeeded'.
[2026-05-23 13:14:55Z INFO StepsRunner] Current state: job state = ''
[2026-05-23 13:14:55Z INFO StepsRunner] Processing step: DisplayName='Post Checkout Repository'
[2026-05-23 13:14:55Z INFO StepsRunner] Evaluating: always()
[2026-05-23 13:14:55Z INFO StepsRunner] Result: true
[2026-05-23 13:14:55Z INFO StepsRunner] Starting the step.
[2026-05-23 13:14:55Z INFO HostContext] Well known directory 'Bin': 'D:\my-project\actions-runner\bin'
[2026-05-23 13:14:55Z INFO HostContext] Well known directory 'Root': 'D:\my-project\actions-runner'
[2026-05-23 13:14:55Z INFO HostContext] Well known directory 'Work': 'D:\my-project\actions-runner\_work'
[2026-05-23 13:14:55Z INFO StepsRunner] Which2: 'chcp'
[2026-05-23 13:14:55Z INFO StepsRunner] Location: 'C:\WINDOWS\system32\chcp.COM'
[2026-05-23 13:14:55Z INFO ProcessInvokerWrapper] Starting process:
[2026-05-23 13:14:55Z INFO ProcessInvokerWrapper]   File name: 'C:\WINDOWS\system32\chcp.COM'
[2026-05-23 13:14:55Z INFO ProcessInvokerWrapper]   Arguments: '65001'
[2026-05-23 13:14:55Z INFO ProcessInvokerWrapper]   Working directory: 'D:\my-project\actions-runner\_work'
[2026-05-23 13:14:55Z INFO ProcessInvokerWrapper]   Require exit code zero: 'False'
[2026-05-23 13:14:55Z INFO ProcessInvokerWrapper]   Encoding web name:  ; code page: ''
[2026-05-23 13:14:55Z INFO ProcessInvokerWrapper]   Force kill process on cancellation: 'False'
[2026-05-23 13:14:55Z INFO ProcessInvokerWrapper]   Redirected STDIN: 'False'
[2026-05-23 13:14:55Z INFO ProcessInvokerWrapper]   Persist current code page: 'True'
[2026-05-23 13:14:55Z INFO ProcessInvokerWrapper]   Keep redirected STDIN open: 'False'
[2026-05-23 13:14:55Z INFO ProcessInvokerWrapper]   High priority process: 'False'
[2026-05-23 13:14:55Z INFO ProcessInvokerWrapper] Process started with process id 8136, waiting for process exit.
[2026-05-23 13:14:55Z INFO JobServerQueue] Try to append 1 batches web console lines for record 'a1e74cc6-b898-4f5a-bf25-55708ee45e45', success rate: 1/1.
[2026-05-23 13:14:55Z INFO ProcessInvokerWrapper] STDOUT/STDERR stream read finished.
[2026-05-23 13:14:55Z INFO ProcessInvokerWrapper] STDOUT/STDERR stream read finished.
[2026-05-23 13:14:55Z INFO ProcessInvokerWrapper] Finished process 8136 with exit code 0, and elapsed time 00:00:00.0128327.
[2026-05-23 13:14:55Z INFO StepsRunner] Successfully returned to code page 65001 (UTF8)
[2026-05-23 13:14:55Z INFO HostContext] Well known directory 'Bin': 'D:\my-project\actions-runner\bin'
[2026-05-23 13:14:55Z INFO HostContext] Well known directory 'Root': 'D:\my-project\actions-runner'
[2026-05-23 13:14:55Z INFO HostContext] Well known directory 'Work': 'D:\my-project\actions-runner\_work'
[2026-05-23 13:14:55Z INFO HostContext] Well known directory 'Actions': 'D:\my-project\actions-runner\_work\_actions'
[2026-05-23 13:14:55Z INFO ActionManager] Load action that reference repository from 'D:\my-project\actions-runner\_work\_actions\actions\checkout\v4'
[2026-05-23 13:14:55Z INFO HostContext] Well known directory 'Bin': 'D:\my-project\actions-runner\bin'
[2026-05-23 13:14:55Z INFO HostContext] Well known directory 'Root': 'D:\my-project\actions-runner'
[2026-05-23 13:14:55Z INFO HostContext] Well known directory 'Work': 'D:\my-project\actions-runner\_work'
[2026-05-23 13:14:55Z INFO HostContext] Well known directory 'Actions': 'D:\my-project\actions-runner\_work\_actions'
[2026-05-23 13:14:55Z INFO ActionManifestManagerLegacy] Loaded action.yml file: {
  "name": "Checkout",
  "description": "Checkout a Git repository at a particular version",
  "inputs": {
    "type": 2,
    "map": [
      {
        "key": {
          "type": 0,
          "file": 2,
          "line": 4,
          "col": 3,
          "lit": "repository"
        },
        "value": {
          "type": 3,
          "file": 2,
          "line": 6,
          "col": 14,
          "expr": "github.repository"
        }
      },
      {
        "key": {
          "type": 0,
          "file": 2,
          "line": 7,
          "col": 3,
          "lit": "ref"
        },
        "value": ""
      },
      {
        "key": {
          "type": 0,
          "file": 2,
          "line": 12,
          "col": 3,
          "lit": "token"
        },
        "value": {
          "type": 3,
          "file": 2,
          "line": 24,
          "col": 14,
          "expr": "github.token"
        }
      },
      {
        "key": {
          "type": 0,
          "file": 2,
          "line": 25,
          "col": 3,
          "lit": "ssh-key"
        },
        "value": ""
      },
      {
        "key": {
          "type": 0,
          "file": 2,
          "line": 37,
          "col": 3,
          "lit": "ssh-known-hosts"
        },
        "value": ""
      },
      {
        "key": {
          "type": 0,
          "file": 2,
          "line": 42,
          "col": 3,
          "lit": "ssh-strict"
        },
        "value": {
          "type": 0,
          "file": 2,
          "line": 47,
          "col": 14,
          "lit": "true"
        }
      },
      {
        "key": {
          "type": 0,
          "file": 2,
          "line": 48,
          "col": 3,
          "lit": "ssh-user"
        },
        "value": {
          "type": 0,
          "file": 2,
          "line": 51,
          "col": 14,
          "lit": "git"
        }
      },
      {
        "key": {
          "type": 0,
          "file": 2,
          "line": 52,
          "col": 3,
          "lit": "persist-credentials"
        },
        "value": {
          "type": 0,
          "file": 2,
          "line": 54,
          "col": 14,
          "lit": "true"
        }
      },
      {
        "key": {
          "type": 0,
          "file": 2,
          "line": 55,
          "col": 3,
          "lit": "path"
        },
        "value": ""
      },
      {
        "key": {
          "type": 0,
          "file": 2,
          "line": 57,
          "col": 3,
          "lit": "clean"
        },
        "value": {
          "type": 0,
          "file": 2,
          "line": 59,
          "col": 14,
          "lit": "true"
        }
      },
      {
        "key": {
          "type": 0,
          "file": 2,
          "line": 60,
          "col": 3,
          "lit": "filter"
        },
        "value": {
          "type": 0,
          "file": 2,
          "line": 64,
          "col": 14,
          "lit": ""
        }
      },
      {
        "key": {
          "type": 0,
          "file": 2,
          "line": 65,
          "col": 3,
          "lit": "sparse-checkout"
        },
        "value": {
          "type": 0,
          "file": 2,
          "line": 69,
          "col": 14,
          "lit": ""
        }
      },
      {
        "key": {
          "type": 0,
          "file": 2,
          "line": 70,
          "col": 3,
          "lit": "sparse-checkout-cone-mode"
        },
        "value": {
          "type": 0,
          "file": 2,
          "line": 73,
          "col": 14,
          "lit": "true"
        }
      },
      {
        "key": {
          "type": 0,
          "file": 2,
          "line": 74,
          "col": 3,
          "lit": "fetch-depth"
        },
        "value": {
          "type": 0,
          "file": 2,
          "line": 76,
          "col": 14,
          "lit": "1"
        }
      },
      {
        "key": {
          "type": 0,
          "file": 2,
          "line": 77,
          "col": 3,
          "lit": "fetch-tags"
        },
        "value": {
          "type": 0,
          "file": 2,
          "line": 79,
          "col": 14,
          "lit": "false"
        }
      },
      {
        "key": {
          "type": 0,
          "file": 2,
          "line": 80,
          "col": 3,
          "lit": "show-progress"
        },
        "value": {
          "type": 0,
          "file": 2,
          "line": 82,
          "col": 14,
          "lit": "true"
        }
      },
      {
        "key": {
          "type": 0,
          "file": 2,
          "line": 83,
          "col": 3,
          "lit": "lfs"
        },
        "value": {
          "type": 0,
          "file": 2,
          "line": 85,
          "col": 14,
          "lit": "false"
        }
      },
      {
        "key": {
          "type": 0,
          "file": 2,
          "line": 86,
          "col": 3,
          "lit": "submodules"
        },
        "value": {
          "type": 0,
          "file": 2,
          "line": 94,
          "col": 14,
          "lit": "false"
        }
      },
      {
        "key": {
          "type": 0,
          "file": 2,
          "line": 95,
          "col": 3,
          "lit": "set-safe-directory"
        },
        "value": {
          "type": 0,
          "file": 2,
          "line": 97,
          "col": 14,
          "lit": "true"
        }
      },
      {
        "key": {
          "type": 0,
          "file": 2,
          "line": 98,
          "col": 3,
          "lit": "github-server-url"
        },
        "value": ""
      }
    ]
  },
  "execution": {
    "executionType": "nodeJS",
    "hasPre": false,
    "hasPost": true,
    "script": "dist/index.js",
    "pre": null,
    "post": "dist/index.js",
    "nodeVersion": "node20",
    "cleanupCondition": "always()",
    "initCondition": "always()"
  },
  "deprecated": null
}
[2026-05-23 13:14:55Z INFO ActionManager] Action pre node.js file: N/A.
[2026-05-23 13:14:55Z INFO ActionManager] Action node.js file: dist/index.js.
[2026-05-23 13:14:55Z INFO ActionManager] Action post node.js file: dist/index.js.
[2026-05-23 13:14:55Z INFO HostContext] Well known directory 'Bin': 'D:\my-project\actions-runner\bin'
[2026-05-23 13:14:55Z INFO HostContext] Well known directory 'Root': 'D:\my-project\actions-runner'
[2026-05-23 13:14:55Z INFO HostContext] Well known directory 'Work': 'D:\my-project\actions-runner\_work'
[2026-05-23 13:14:55Z INFO HostContext] Well known directory 'Temp': 'D:\my-project\actions-runner\_work\_temp'
[2026-05-23 13:14:55Z INFO ExecutionContext] Write event payload to D:\my-project\actions-runner\_work\_temp\_github_workflow\event.json
[2026-05-23 13:14:55Z INFO HostContext] Well known directory 'Bin': 'D:\my-project\actions-runner\bin'
[2026-05-23 13:14:55Z INFO HostContext] Well known directory 'Root': 'D:\my-project\actions-runner'
[2026-05-23 13:14:55Z INFO HostContext] Well known directory 'Work': 'D:\my-project\actions-runner\_work'
[2026-05-23 13:14:55Z INFO HostContext] Well known directory 'Temp': 'D:\my-project\actions-runner\_work\_temp'
[2026-05-23 13:14:55Z INFO ExtensionManager] Getting extensions for interface: 'GitHub.Runner.Worker.IFileCommandExtension'
[2026-05-23 13:14:55Z INFO ActionManifestManagerLegacy] Input 'repository': default value evaluate result: {
  "type": 0,
  "file": 2,
  "line": 6,
  "col": 14,
  "lit": "sarthak-agnihotri/my-project"
}
[2026-05-23 13:14:55Z INFO ActionManifestManagerLegacy] Input 'ref': default value evaluate result: ""
[2026-05-23 13:14:55Z INFO ActionManifestManagerLegacy] Input 'token': default value evaluate result: {
  "type": 0,
  "file": 2,
  "line": 24,
  "col": 14,
  "lit": "***"
}
[2026-05-23 13:14:55Z INFO ActionManifestManagerLegacy] Input 'ssh-key': default value evaluate result: ""
[2026-05-23 13:14:55Z INFO ActionManifestManagerLegacy] Input 'ssh-known-hosts': default value evaluate result: ""
[2026-05-23 13:14:55Z INFO ActionManifestManagerLegacy] Input 'ssh-strict': default value evaluate result: {
  "type": 0,
  "file": 2,
  "line": 47,
  "col": 14,
  "lit": "true"
}
[2026-05-23 13:14:55Z INFO ActionManifestManagerLegacy] Input 'ssh-user': default value evaluate result: {
  "type": 0,
  "file": 2,
  "line": 51,
  "col": 14,
  "lit": "git"
}
[2026-05-23 13:14:55Z INFO ActionManifestManagerLegacy] Input 'persist-credentials': default value evaluate result: {
  "type": 0,
  "file": 2,
  "line": 54,
  "col": 14,
  "lit": "true"
}
[2026-05-23 13:14:55Z INFO ActionManifestManagerLegacy] Input 'path': default value evaluate result: ""
[2026-05-23 13:14:55Z INFO ActionManifestManagerLegacy] Input 'clean': default value evaluate result: {
  "type": 0,
  "file": 2,
  "line": 59,
  "col": 14,
  "lit": "true"
}
[2026-05-23 13:14:55Z INFO ActionManifestManagerLegacy] Input 'filter': default value evaluate result: {
  "type": 0,
  "file": 2,
  "line": 64,
  "col": 14,
  "lit": ""
}
[2026-05-23 13:14:55Z INFO ActionManifestManagerLegacy] Input 'sparse-checkout': default value evaluate result: {
  "type": 0,
  "file": 2,
  "line": 69,
  "col": 14,
  "lit": ""
}
[2026-05-23 13:14:55Z INFO ActionManifestManagerLegacy] Input 'sparse-checkout-cone-mode': default value evaluate result: {
  "type": 0,
  "file": 2,
  "line": 73,
  "col": 14,
  "lit": "true"
}
[2026-05-23 13:14:55Z INFO ActionManifestManagerLegacy] Input 'fetch-depth': default value evaluate result: {
  "type": 0,
  "file": 2,
  "line": 76,
  "col": 14,
  "lit": "1"
}
[2026-05-23 13:14:55Z INFO ActionManifestManagerLegacy] Input 'fetch-tags': default value evaluate result: {
  "type": 0,
  "file": 2,
  "line": 79,
  "col": 14,
  "lit": "false"
}
[2026-05-23 13:14:55Z INFO ActionManifestManagerLegacy] Input 'show-progress': default value evaluate result: {
  "type": 0,
  "file": 2,
  "line": 82,
  "col": 14,
  "lit": "true"
}
[2026-05-23 13:14:55Z INFO ActionManifestManagerLegacy] Input 'lfs': default value evaluate result: {
  "type": 0,
  "file": 2,
  "line": 85,
  "col": 14,
  "lit": "false"
}
[2026-05-23 13:14:55Z INFO ActionManifestManagerLegacy] Input 'submodules': default value evaluate result: {
  "type": 0,
  "file": 2,
  "line": 94,
  "col": 14,
  "lit": "false"
}
[2026-05-23 13:14:55Z INFO ActionManifestManagerLegacy] Input 'set-safe-directory': default value evaluate result: {
  "type": 0,
  "file": 2,
  "line": 97,
  "col": 14,
  "lit": "true"
}
[2026-05-23 13:14:55Z INFO ActionManifestManagerLegacy] Input 'github-server-url': default value evaluate result: ""
[2026-05-23 13:14:55Z INFO ExtensionManager] Getting extensions for interface: 'GitHub.Runner.Worker.IActionCommandExtension'
[2026-05-23 13:14:55Z INFO ActionCommandManager] Register action command extension for command internal-set-repo-path
[2026-05-23 13:14:55Z INFO ActionCommandManager] Register action command extension for command set-env
[2026-05-23 13:14:55Z INFO ActionCommandManager] Register action command extension for command set-output
[2026-05-23 13:14:55Z INFO ActionCommandManager] Register action command extension for command save-state
[2026-05-23 13:14:55Z INFO ActionCommandManager] Register action command extension for command add-path
[2026-05-23 13:14:55Z INFO ActionCommandManager] Register action command extension for command add-mask
[2026-05-23 13:14:55Z INFO ActionCommandManager] Register action command extension for command add-matcher
[2026-05-23 13:14:55Z INFO ActionCommandManager] Register action command extension for command remove-matcher
[2026-05-23 13:14:55Z INFO ActionCommandManager] Register action command extension for command warning
[2026-05-23 13:14:55Z INFO ActionCommandManager] Register action command extension for command error
[2026-05-23 13:14:55Z INFO ActionCommandManager] Register action command extension for command notice
[2026-05-23 13:14:55Z INFO ActionCommandManager] Register action command extension for command debug
[2026-05-23 13:14:55Z INFO ActionCommandManager] Register action command extension for command group
[2026-05-23 13:14:55Z INFO ActionCommandManager] Register action command extension for command endgroup
[2026-05-23 13:14:55Z INFO ActionCommandManager] Register action command extension for command echo
[2026-05-23 13:14:55Z INFO HostContext] Well known directory 'Bin': 'D:\my-project\actions-runner\bin'
[2026-05-23 13:14:55Z INFO HostContext] Well known directory 'Root': 'D:\my-project\actions-runner'
[2026-05-23 13:14:55Z INFO HostContext] Well known directory 'Externals': 'D:\my-project\actions-runner\externals'
[2026-05-23 13:14:55Z INFO ProcessInvokerWrapper] Starting process:
[2026-05-23 13:14:55Z INFO ProcessInvokerWrapper]   File name: 'D:\my-project\actions-runner\externals\node20\bin\node.exe'
[2026-05-23 13:14:55Z INFO ProcessInvokerWrapper]   Arguments: '"D:\my-project\actions-runner\_work\_actions\actions\checkout\v4\dist/index.js"'
[2026-05-23 13:14:55Z INFO ProcessInvokerWrapper]   Working directory: 'D:\my-project\actions-runner\_work\my-project\my-project'
[2026-05-23 13:14:55Z INFO ProcessInvokerWrapper]   Require exit code zero: 'False'
[2026-05-23 13:14:55Z INFO ProcessInvokerWrapper]   Encoding web name: utf-8 ; code page: '65001'
[2026-05-23 13:14:55Z INFO ProcessInvokerWrapper]   Force kill process on cancellation: 'False'
[2026-05-23 13:14:55Z INFO ProcessInvokerWrapper]   Redirected STDIN: 'False'
[2026-05-23 13:14:55Z INFO ProcessInvokerWrapper]   Persist current code page: 'True'
[2026-05-23 13:14:55Z INFO ProcessInvokerWrapper]   Keep redirected STDIN open: 'False'
[2026-05-23 13:14:55Z INFO ProcessInvokerWrapper]   High priority process: 'False'
[2026-05-23 13:14:55Z INFO ProcessInvokerWrapper] Process started with process id 2856, waiting for process exit.
[2026-05-23 13:14:55Z INFO JobServerQueue] Try to append 1 batches web console lines for record '5d4e99c6-22d6-4b36-9fbf-d734b6e87f26', success rate: 1/1.
[2026-05-23 13:14:55Z INFO AddMaskCommandExtension] Add new secret mask with length of 32
[2026-05-23 13:14:55Z INFO JobServerQueue] Try to append 1 batches web console lines for record '5d4e99c6-22d6-4b36-9fbf-d734b6e87f26', success rate: 1/1.
[2026-05-23 13:14:55Z INFO JobServerQueue] Try to upload 1 log files or attachments, success rate: 1/1.
[2026-05-23 13:14:56Z INFO JobServerQueue] Tried to upload 1 file(s) to results, success rate: 1/1.
[2026-05-23 13:14:56Z INFO JobServerQueue] Try to append 1 batches web console lines for record '5d4e99c6-22d6-4b36-9fbf-d734b6e87f26', success rate: 1/1.
[2026-05-23 13:14:56Z INFO JobServerQueue] Try to append 1 batches web console lines for record '5d4e99c6-22d6-4b36-9fbf-d734b6e87f26', success rate: 1/1.
[2026-05-23 13:14:57Z INFO JobServerQueue] Got a step log file to send to results service.
[2026-05-23 13:14:57Z INFO JobServerQueue] Starting upload of step log file to results service ResultsLog, D:\my-project\actions-runner\_diag\blocks\97b5f8dd-6f97-4144-9fbf-cc74f8e8f071_a1e74cc6-b898-4f5a-bf25-55708ee45e45.1
[2026-05-23 13:14:57Z INFO JobServerQueue] Try to append 1 batches web console lines for record '5d4e99c6-22d6-4b36-9fbf-d734b6e87f26', success rate: 1/1.
[2026-05-23 13:14:57Z INFO JobServerQueue] Try to append 1 batches web console lines for record '5d4e99c6-22d6-4b36-9fbf-d734b6e87f26', success rate: 1/1.
[2026-05-23 13:14:57Z INFO JobServerQueue] Tried to upload 1 file(s) to results, success rate: 1/1.
[2026-05-23 13:14:58Z INFO ProcessInvokerWrapper] STDOUT/STDERR stream read finished.
[2026-05-23 13:14:58Z INFO ProcessInvokerWrapper] STDOUT/STDERR stream read finished.
[2026-05-23 13:14:58Z INFO ProcessInvokerWrapper] Finished process 2856 with exit code 0, and elapsed time 00:00:03.5033754.
[2026-05-23 13:14:58Z INFO CreateStepSummaryCommand] Step Summary file (D:\my-project\actions-runner\_work\_temp\_runner_file_commands\step_summary_3e5e45fe-cf6f-40db-a3e8-ac3c3fa73811) is empty; skipping attachment upload
[2026-05-23 13:14:58Z INFO StepsRunner] Step result: 
[2026-05-23 13:14:58Z INFO ExecutionContext] Publish step telemetry for current step {
  "action": "actions/checkout",
  "ref": "v4",
  "type": "node20",
  "stage": "Post",
  "stepId": "5d4e99c6-22d6-4b36-9fbf-d734b6e87f26",
  "result": "succeeded",
  "errorMessages": [],
  "executionTimeInSeconds": 4,
  "startTime": "2026-05-23T13:14:55.0010601Z",
  "finishTime": "2026-05-23T13:14:58.5615812Z"
}.
[2026-05-23 13:14:58Z INFO StepsRunner] No need for updating job result with current step result 'Succeeded'.
[2026-05-23 13:14:58Z INFO StepsRunner] Current state: job state = ''
[2026-05-23 13:14:58Z INFO JobRunner] Finalize job.
[2026-05-23 13:14:58Z INFO HostContext] Well known directory 'Bin': 'D:\my-project\actions-runner\bin'
[2026-05-23 13:14:58Z INFO HostContext] Well known directory 'Root': 'D:\my-project\actions-runner'
[2026-05-23 13:14:58Z INFO HostContext] Well known directory 'Diag': 'D:\my-project\actions-runner\_diag'
[2026-05-23 13:14:58Z INFO HostContext] Well known directory 'Bin': 'D:\my-project\actions-runner\bin'
[2026-05-23 13:14:58Z INFO HostContext] Well known directory 'Root': 'D:\my-project\actions-runner'
[2026-05-23 13:14:58Z INFO HostContext] Well known directory 'Diag': 'D:\my-project\actions-runner\_diag'
[2026-05-23 13:14:58Z INFO JobExtension] Initialize Env context
[2026-05-23 13:14:58Z INFO JobExtension] Initialize steps context
[2026-05-23 13:14:58Z INFO JobExtension] Total accessible running process: 266.
[2026-05-23 13:14:58Z INFO JobServerQueue] Try to upload 1 log files or attachments, success rate: 1/1.
[2026-05-23 13:14:58Z INFO JobExtension] Wait for all connectivity checks to finish.
[2026-05-23 13:14:58Z INFO JobExtension] Connectivity check result: GitHub.Runner.Worker.JobExtension+CheckResult
[2026-05-23 13:14:58Z INFO JobExtension] Connectivity check result: GitHub.Runner.Worker.JobExtension+CheckResult
[2026-05-23 13:14:58Z INFO JobExtension] Connectivity check result: GitHub.Runner.Worker.JobExtension+CheckResult
[2026-05-23 13:14:58Z INFO ExecutionContext] Publish step telemetry for current step {
  "action": "complete_job",
  "type": "runner",
  "stage": "Post",
  "stepId": "5f6682be-0e59-4390-bae7-56ce3fd32786",
  "result": "succeeded",
  "errorMessages": [
    "Node.js 20 actions are deprecated. The following actions are running on Node.js 20 and may not work as expected: actions/checkout@v4. Actions will be forced to run with Node.js 24 by default starting June 2nd, 2026. Node.js 20 will be removed from the runn"
  ],
  "executionTimeInSeconds": 1,
  "startTime": "2026-05-23T13:14:58.5681336Z",
  "finishTime": "2026-05-23T13:14:58.5845457Z"
}.
[2026-05-23 13:14:58Z INFO JobRunner] Job result after all job steps finish: Succeeded
[2026-05-23 13:14:58Z INFO JobRunner] Completing the job execution context.
[2026-05-23 13:14:58Z INFO JobRunner] Shutting down the job server queue.
[2026-05-23 13:14:58Z INFO JobServerQueue] Fire signal to shutdown all queues.
[2026-05-23 13:14:59Z INFO JobServerQueue] All queue process task stopped.
[2026-05-23 13:14:59Z INFO JobServerQueue] Try to append 1 batches web console lines for record '5f6682be-0e59-4390-bae7-56ce3fd32786', success rate: 1/1.
[2026-05-23 13:14:59Z INFO JobServerQueue] Web console line queue drained.
[2026-05-23 13:14:59Z INFO JobServerQueue] Uploading 2 files in one shot.
[2026-05-23 13:14:59Z INFO JobServerQueue] Try to upload 2 log files or attachments, success rate: 2/2.
[2026-05-23 13:14:59Z INFO JobServerQueue] File upload queue drained.
[2026-05-23 13:14:59Z INFO JobServerQueue] Starting results-based upload queue...
[2026-05-23 13:14:59Z INFO JobServerQueue] Uploading 3 file(s) in one shot through results service.
[2026-05-23 13:14:59Z INFO JobServerQueue] Got a step log file to send to results service.
[2026-05-23 13:14:59Z INFO JobServerQueue] Starting upload of step log file to results service ResultsLog, D:\my-project\actions-runner\_diag\blocks\97b5f8dd-6f97-4144-9fbf-cc74f8e8f071_5d4e99c6-22d6-4b36-9fbf-d734b6e87f26.1
[2026-05-23 13:15:00Z INFO JobServerQueue] Got a step log file to send to results service.
[2026-05-23 13:15:00Z INFO JobServerQueue] Starting upload of step log file to results service ResultsLog, D:\my-project\actions-runner\_diag\blocks\97b5f8dd-6f97-4144-9fbf-cc74f8e8f071_5f6682be-0e59-4390-bae7-56ce3fd32786.1
[2026-05-23 13:15:01Z INFO JobServerQueue] Got a job log file to send to results service.
[2026-05-23 13:15:01Z INFO JobServerQueue] Starting upload of job log file to results service ResultsLog, D:\my-project\actions-runner\_diag\blocks\97b5f8dd-6f97-4144-9fbf-cc74f8e8f071_40a68ec5-9176-5e17-b362-029cf61ed586.1
[2026-05-23 13:15:02Z INFO JobServerQueue] Tried to upload 3 file(s) to results, success rate: 3/3.
[2026-05-23 13:15:02Z INFO JobServerQueue] Results upload queue drained.
[2026-05-23 13:15:02Z INFO JobServerQueue] Timeline update queue drained.
[2026-05-23 13:15:02Z INFO JobServerQueue] Disposing job server ...
[2026-05-23 13:15:02Z INFO JobServerQueue] Disposing results server ...
[2026-05-23 13:15:02Z INFO JobServerQueue] All queue process tasks have been stopped, and all queues are drained.
[2026-05-23 13:15:02Z INFO TempDirectoryManager] Cleaning runner temp folder: D:\my-project\actions-runner\_work\_temp
[2026-05-23 13:15:02Z INFO HostContext] Well known directory 'Bin': 'D:\my-project\actions-runner\bin'
[2026-05-23 13:15:02Z INFO HostContext] Well known directory 'Root': 'D:\my-project\actions-runner'
[2026-05-23 13:15:02Z INFO HostContext] Well known directory 'Diag': 'D:\my-project\actions-runner\_diag'
[2026-05-23 13:15:02Z INFO HostContext] Well known config file 'Telemetry': 'D:\my-project\actions-runner\_diag\.telemetry'
[2026-05-23 13:15:02Z INFO JobRunner] Raising job completed against run service
[2026-05-23 13:15:03Z INFO Worker] Job completed.
